[2026/02/23 21:40:13   INFO]           [HytaleServer] Starting HytaleServer
[2026/02/23 21:40:13   INFO]           [HytaleServer] Loading config...
[2026/02/23 21:40:13 SEVERE]                   [SERR] decodeJson: class com.hypixel.hytale.codec.DocumentContainingCodec
[2026/02/23 21:40:13   INFO]           [HytaleServer] Authentication mode: AUTHENTICATED
[2026/02/23 21:40:13   INFO]      [ServerAuthManager] No server tokens configured. Use /auth login to authenticate, or provide tokens via CLI/environment.
[2026/02/23 21:40:13   INFO]      [ServerAuthManager] Server session ID: 98ed8c91-721c-4c9b-a99a-38baeff48e94
[2026/02/23 21:40:13   INFO]           [HytaleServer] Booting up HytaleServer - Version: 2026.02.19-1a311a592, Revision: 1a311a5921cb413cc899ada8941ff0b9ce1d64e1
[2026/02/23 21:40:13   INFO]           [HytaleServer] Setup phase...
[2026/02/23 21:40:13   INFO]          [PluginManager] Loading pending core plugins!
[2026/02/23 21:40:13   INFO]          [PluginManager] - Hytale:ConsoleModule
[2026/02/23 21:40:13   INFO]          [PluginManager] - Hytale:PermissionsModule
[2026/02/23 21:40:13   INFO]          [PluginManager] - Hytale:UpdateModule
[2026/02/23 21:40:13   INFO]          [PluginManager] - Hytale:FlyCameraModule
[2026/02/23 21:40:13   INFO]          [PluginManager] - Hytale:AssetModule
[2026/02/23 21:40:13   INFO]          [PluginManager] - Hytale:CommonAssetModule
[2026/02/23 21:40:13   INFO]          [PluginManager] - Hytale:CosmeticsModule
[2026/02/23 21:40:13   INFO]          [PluginManager] - Hytale:ServerManager
[2026/02/23 21:40:13   INFO]          [PluginManager] - Hytale:I18nModule
[2026/02/23 21:40:13   INFO]          [PluginManager] - Hytale:ItemModule
[2026/02/23 21:40:13   INFO]          [PluginManager] - Hytale:BlockTypeModule
[2026/02/23 21:40:13   INFO]          [PluginManager] - Hytale:LegacyModule
[2026/02/23 21:40:13   INFO]          [PluginManager] - Hytale:BlockModule
[2026/02/23 21:40:13   INFO]          [PluginManager] - Hytale:BlockStateModule
[2026/02/23 21:40:13   INFO]          [PluginManager] - Hytale:CollisionModule
[2026/02/23 21:40:13   INFO]          [PluginManager] - Hytale:BlockSetModule
[2026/02/23 21:40:13   INFO]          [PluginManager] - Hytale:MigrationModule
[2026/02/23 21:40:13   INFO]          [PluginManager] - Hytale:BlockHealthModule
[2026/02/23 21:40:13   INFO]          [PluginManager] - Hytale:PrefabSpawnerModule
[2026/02/23 21:40:13   INFO]          [PluginManager] - Hytale:TimeModule
[2026/02/23 21:40:13   INFO]          [PluginManager] - Hytale:AnchorActionModule
[2026/02/23 21:40:13   INFO]          [PluginManager] - Hytale:InteractionModule
[2026/02/23 21:40:13   INFO]          [PluginManager] - Hytale:EntityModule
[2026/02/23 21:40:13   INFO]          [PluginManager] - Hytale:EntityStatsModule
[2026/02/23 21:40:13   INFO]          [PluginManager] - Hytale:EntityUIModule
[2026/02/23 21:40:13   INFO]          [PluginManager] - Hytale:DamageModule
[2026/02/23 21:40:13   INFO]          [PluginManager] - Hytale:SplitVelocity
[2026/02/23 21:40:13   INFO]          [PluginManager] - Hytale:StaminaModule
[2026/02/23 21:40:13   INFO]          [PluginManager] - Hytale:DebugPlugin
[2026/02/23 21:40:13   INFO]          [PluginManager] - Hytale:ProjectileModule
[2026/02/23 21:40:13   INFO]          [PluginManager] - Hytale:ServerPlayerListModule
[2026/02/23 21:40:13   INFO]          [PluginManager] - Hytale:AccessControlModule
[2026/02/23 21:40:13   INFO]          [PluginManager] - Hytale:SingleplayerModule
[2026/02/23 21:40:13   INFO]          [PluginManager] - Hytale:Universe
[2026/02/23 21:40:13   INFO]          [PluginManager] - Hytale:ConnectedBlocksModule
[2026/02/23 21:40:13   INFO]          [PluginManager] Loading pending classpath plugins!
[2026/02/23 21:40:13   INFO]          [PluginManager] - Bryce:MobFarmingTools
[2026/02/23 21:40:13   INFO]          [PluginManager] - ScaffoldIt:Devtools
[2026/02/23 21:40:13   INFO]          [PluginManager] - Hytale:AssetEditor
[2026/02/23 21:40:13   INFO]          [PluginManager] - Hytale:BlockSpawner
[2026/02/23 21:40:13   INFO]          [PluginManager] - Hytale:BlockTick
[2026/02/23 21:40:13   INFO]          [PluginManager] - Hytale:BlockPhysics
[2026/02/23 21:40:13   INFO]          [PluginManager] - Hytale:BuilderTools
[2026/02/23 21:40:13   INFO]          [PluginManager] - Hytale:Crafting
[2026/02/23 21:40:13   INFO]          [PluginManager] - Hytale:CommandMacro
[2026/02/23 21:40:13   INFO]          [PluginManager] - Hytale:Instances
[2026/02/23 21:40:13   INFO]          [PluginManager] - Hytale:LANDiscovery
[2026/02/23 21:40:13   INFO]          [PluginManager] - Hytale:NPC
[2026/02/23 21:40:13   INFO]          [PluginManager] - Hytale:NPCObjectives
[2026/02/23 21:40:13   INFO]          [PluginManager] - Hytale:ObjectiveReputation
[2026/02/23 21:40:13   INFO]          [PluginManager] - Hytale:Objectives
[2026/02/23 21:40:13   INFO]          [PluginManager] - Hytale:ObjectiveShop
[2026/02/23 21:40:13   INFO]          [PluginManager] - Hytale:Path
[2026/02/23 21:40:13   INFO]          [PluginManager] - Hytale:Reputation
[2026/02/23 21:40:13   INFO]          [PluginManager] - Hytale:NPCReputation
[2026/02/23 21:40:13   INFO]          [PluginManager] - Hytale:Shop
[2026/02/23 21:40:13   INFO]          [PluginManager] - Hytale:ShopReputation
[2026/02/23 21:40:13   INFO]          [PluginManager] - Hytale:NPCShop
[2026/02/23 21:40:13   INFO]          [PluginManager] - Hytale:NPCEditor
[2026/02/23 21:40:13   INFO]          [PluginManager] - Hytale:Stash
[2026/02/23 21:40:13   INFO]          [PluginManager] - Hytale:TagSet
[2026/02/23 21:40:13   INFO]          [PluginManager] - Hytale:Teleport
[2026/02/23 21:40:13   INFO]          [PluginManager] - Hytale:Fluid
[2026/02/23 21:40:13   INFO]          [PluginManager] - Hytale:Weather
[2026/02/23 21:40:13   INFO]          [PluginManager] - Hytale:WorldGen
[2026/02/23 21:40:13   INFO]          [PluginManager] - Hytale:Farming
[2026/02/23 21:40:13   INFO]          [PluginManager] - Hytale:Camera
[2026/02/23 21:40:13   INFO]          [PluginManager] - Hytale:WorldLocationCondition
[2026/02/23 21:40:13   INFO]          [PluginManager] - Hytale:NPCCombatActionEvaluator
[2026/02/23 21:40:13   INFO]          [PluginManager] - Hytale:Model
[2026/02/23 21:40:13   INFO]          [PluginManager] - Hytale:Mantling
[2026/02/23 21:40:13   INFO]          [PluginManager] - Hytale:SafetyRoll
[2026/02/23 21:40:13   INFO]          [PluginManager] - Hytale:SprintForce
[2026/02/23 21:40:13   INFO]          [PluginManager] - Hytale:CrouchSlide
[2026/02/23 21:40:13   INFO]          [PluginManager] - Hytale:Parkour
[2026/02/23 21:40:13   INFO]          [PluginManager] - Hytale:Mounts
[2026/02/23 21:40:13   INFO]          [PluginManager] - Hytale:HytaleGenerator
[2026/02/23 21:40:13   INFO]          [PluginManager] - Hytale:Teleporter
[2026/02/23 21:40:13   INFO]          [PluginManager] - Hytale:Memories
[2026/02/23 21:40:13   INFO]          [PluginManager] - Hytale:Deployables
[2026/02/23 21:40:13   INFO]          [PluginManager] - Hytale:Portals
[2026/02/23 21:40:13   INFO]          [PluginManager] - Hytale:Beds
[2026/02/23 21:40:13   INFO]          [PluginManager] - Hytale:Ambience
[2026/02/23 21:40:13   INFO]          [PluginManager] - Hytale:CreativeHub
[2026/02/23 21:40:13   INFO]          [PluginManager] - Hytale:RandomTick
[2026/02/23 21:40:13   INFO]          [PluginManager] Loading pending plugins from directory: C:\Users\Bryce\Documents\Projects\MobFarmingTools\src\main
[2026/02/23 21:40:13   WARN]          [PluginManager] Plugin 'ScaffoldIt:Devtools' targets a different server version 2026.02.19-1a311a592. You may encounter issues, please check for plugin updates.
[2026/02/23 21:40:13 SEVERE]          [PluginManager] One or more plugins are targeting a different server version. It is recommended to update these plugins to ensure compatibility.
[2026/02/23 21:40:13   INFO]                   [SOUT] java.lang.instrument.Instrumentation.addTransformer has been called by dev.scaffoldit.devtools.HytaleDevtoolsPlugin (file:/C:/Users/Bryce/.gradle/caches/modules-2/files-2.1/dev.scaffoldit/devtools/0.2.14/4f3236e9371df4ed354dd684f360c92ad8efadfa/devtools-0.2.14.jar)
[2026/02/23 21:40:13   INFO]                   [SOUT] 	at dev.scaffoldit.devtools.HytaleDevtoolsPlugin.instrumentHotSwapping(HytaleDevtoolsPlugin.kt:42)
[2026/02/23 21:40:13   INFO]                   [SOUT] 	at dev.scaffoldit.devtools.HytaleDevtoolsPlugin.<init>(HytaleDevtoolsPlugin.kt:29)
[2026/02/23 21:40:13   INFO]                   [SOUT] 	at com.hypixel.hytale.server.core.plugin.pending.PendingLoadJavaPlugin.load(PendingLoadJavaPlugin.java:46)
[2026/02/23 21:40:13   INFO]                   [SOUT] 	at com.hypixel.hytale.server.core.plugin.pending.PendingLoadJavaPlugin.load(PendingLoadJavaPlugin.java:14)
[2026/02/23 21:40:13   INFO]                   [SOUT] 	at com.hypixel.hytale.server.core.plugin.PluginManager.setup(PluginManager.java:240)
[2026/02/23 21:40:13   INFO]                   [SOUT] 	at com.hypixel.hytale.server.core.HytaleServer.boot(HytaleServer.java:386)
[2026/02/23 21:40:13   INFO]                   [SOUT] 	at com.hypixel.hytale.server.core.HytaleServer.<init>(HytaleServer.java:344)
[2026/02/23 21:40:13   INFO]                   [SOUT] 	at com.hypixel.hytale.LateMain.lateMain(LateMain.java:56)
[2026/02/23 21:40:13   INFO]                   [SOUT] 	at com.hypixel.hytale.Main.main(Main.java:43)
[2026/02/23 21:40:13   INFO]                   [SOUT] java.lang.instrument.Instrumentation.isRetransformClassesSupported has been called by dev.scaffoldit.devtools.HytaleDevtoolsPlugin (file:/C:/Users/Bryce/.gradle/caches/modules-2/files-2.1/dev.scaffoldit/devtools/0.2.14/4f3236e9371df4ed354dd684f360c92ad8efadfa/devtools-0.2.14.jar)
[2026/02/23 21:40:13   INFO]                   [SOUT] 	at dev.scaffoldit.devtools.HytaleDevtoolsPlugin.instrumentHotSwapping(HytaleDevtoolsPlugin.kt:42)
[2026/02/23 21:40:13   INFO]                   [SOUT] 	at dev.scaffoldit.devtools.HytaleDevtoolsPlugin.<init>(HytaleDevtoolsPlugin.kt:29)
[2026/02/23 21:40:13   INFO]                   [SOUT] 	at com.hypixel.hytale.server.core.plugin.pending.PendingLoadJavaPlugin.load(PendingLoadJavaPlugin.java:46)
[2026/02/23 21:40:13   INFO]                   [SOUT] 	at com.hypixel.hytale.server.core.plugin.pending.PendingLoadJavaPlugin.load(PendingLoadJavaPlugin.java:14)
[2026/02/23 21:40:13   INFO]                   [SOUT] 	at com.hypixel.hytale.server.core.plugin.PluginManager.setup(PluginManager.java:240)
[2026/02/23 21:40:13   INFO]                   [SOUT] 	at com.hypixel.hytale.server.core.HytaleServer.boot(HytaleServer.java:386)
[2026/02/23 21:40:13   INFO]                   [SOUT] 	at com.hypixel.hytale.server.core.HytaleServer.<init>(HytaleServer.java:344)
[2026/02/23 21:40:13   INFO]                   [SOUT] 	at com.hypixel.hytale.LateMain.lateMain(LateMain.java:56)
[2026/02/23 21:40:13   INFO]                   [SOUT] 	at com.hypixel.hytale.Main.main(Main.java:43)
[2026/02/23 21:40:13   INFO]   [HytaleDevtoolsPlugin] HotSwap detection enabled via ByteBuddy
[2026/02/23 21:40:13   INFO]  [MobFarmingToolsPlugin] Initialized Bryce:MobFarmingTools version 0.4.0
[2026/02/23 21:40:14   INFO]          [AssetModule|P] Asset monitor enabled!
[2026/02/23 21:40:14   INFO]          [AssetModule|P] Loaded pack: Hytale:Hytale from Assets.zip
[2026/02/23 21:40:14   INFO]          [AssetModule|P] Loading packs from directory: mods
[2026/02/23 21:40:14   INFO]          [AssetModule|P] Loading packs from directory: C:\Users\Bryce\Documents\Projects\MobFarmingTools\src\main
[2026/02/23 21:40:14   WARN]          [AssetModule|P] Skipping pack at java: missing or invalid manifest.json
[2026/02/23 21:40:14   INFO]          [AssetModule|P] Loaded pack: Bryce:MobFarmingTools from resources
[2026/02/23 21:40:14   INFO]        [ConsoleModule|P] Setup console with type: dumb-color
[2026/02/23 21:40:14   INFO]      [ServerAuthManager] Server certificate set: CN=localhost
[2026/02/23 21:40:14   INFO]          [QUICTransport] Server certificate registered for mutual auth, fingerprint: SQSW5nxecBJjVip2dy2N_B22rKYWwQeezVItSGu2qow
[2026/02/23 21:40:14   INFO]          [QUICTransport] Using IPv4 Datagram Channel: NioDatagramChannel(INET)...
[2026/02/23 21:40:14   INFO]          [QUICTransport] Using IPv6 Datagram Channel: NioDatagramChannel(INET6)...
[2026/02/23 21:40:14   INFO]        [ServerManager|P] Took 525ms 958us 200ns to setup transport!
[2026/02/23 21:40:14   WARN]          [AssetModule|P] Asset pack with name 'Bryce:MobFarmingTools' already exists, skipping registration from path: C:\Users\Bryce\Documents\Projects\MobFarmingTools\build\resources\main
[2026/02/23 21:40:15   INFO]      [ServerAuthManager] Auth credential store: Encrypted
[2026/02/23 21:40:15   INFO]           [HytaleServer] Setup phase completed! Boot time 2sec 158ms 169us 800ns
[2026/02/23 21:40:15   INFO]                 [Hytale] Loading common assets from: /
[2026/02/23 21:40:15   INFO]    [CommonAssetModule|P] Took 51ms 983us 900ns to load 23219 assets from CommonAssetsIndex.hashes file.
[2026/02/23 21:40:15   WARN]    [CommonAssetModule|P] Duplicated Asset Count: 932
[2026/02/23 21:40:15   INFO]                 [Hytale] Loading common assets phase completed! Boot time 2sec 210ms 544us 400ns, Took 52ms 217us 600ns
[2026/02/23 21:40:15   INFO]                 [Hytale] Loading common assets from: C:\Users\Bryce\Documents\Projects\MobFarmingTools\src\main\resources
[2026/02/23 21:40:15   INFO]    [CommonAssetModule|P] Took 6ms 247us 400ns to walk file tree and load 83 assets.
[2026/02/23 21:40:15   WARN]    [CommonAssetModule|P] Duplicated Asset Count: 935
[2026/02/23 21:40:15   INFO]                 [Hytale] Loading common assets phase completed! Boot time 2sec 218ms 881us 100ns, Took 8ms 203us 600ns
[2026/02/23 21:40:15   INFO]    [AssetRegistryLoader] Loading 91 asset stores...
[2026/02/23 21:40:15   INFO]    [AssetRegistryLoader] Pre-adding assets...
[2026/02/23 21:40:15   INFO]      [CollisionModule|P] Block extents for CollisionSystem is Max=0.0, Min=0.0
[2026/02/23 21:40:15   INFO]                 [Hytale] Loading assets from: /Server
[2026/02/23 21:40:15   INFO]    [AssetRegistryLoader] Loading assets from /Server
[2026/02/23 21:40:15   WARN] [AssetStore|AssignmentsAsset] Unused key(s) in 'Runtime_Defect_0' file /Server/HytaleGenerator/Assignments/Dev/Runtime_Defect_0.json: Prop.BoxBlockType
[2026/02/23 21:40:15   WARN] [AssetStore|AssignmentsAsset] Unused key(s) in 'Runtime_Defect_1' file /Server/HytaleGenerator/Assignments/Dev/Runtime_Defect_1.json: Prop.BoxBlockType
[2026/02/23 21:40:15   WARN] [AssetStore|AssignmentsAsset] Unused key(s) in 'Plains1_Mountains_Grasses' file /Server/HytaleGenerator/Assignments/Plains1/Plains1_Mountains_Grasses.json: FieldFunction.CacheSize
[2026/02/23 21:40:15   WARN] [AssetStore|AssignmentsAsset] Unused key(s) in 'Plains1_Deeproot_Grasses' file /Server/HytaleGenerator/Assignments/Plains1/Plains1_Deeproot_Grasses.json: FieldFunction.CacheSize
[2026/02/23 21:40:15   WARN]             [HytaleGenerator] Duplicate export name for asset: Plains1_OakPattern_Floor_Grass
[2026/02/23 21:40:15   INFO]             [HytaleGenerator] Exported Scanner asset with name 'Desert1_Oasis_Grasses_Scanner' with asset id 'null
[2026/02/23 21:40:15   WARN] [AssetStore|AssignmentsAsset] Unused key(s) in 'Desert1_Oasis_Grasses' file /Server/HytaleGenerator/Assignments/Desert1/Desert1_Oasis_Grasses.json: $Comments
[2026/02/23 21:40:15   WARN]             [HytaleGenerator] Duplicate export name for asset: Volcanic1_Swamp_Bushes_Jungles_Pattern
[2026/02/23 21:40:15   INFO]             [HytaleGenerator] Exported Scanner asset with name 'Desert1_Boulders_Scanner' with asset id 'null
[2026/02/23 21:40:15   WARN] [AssetStore|AssignmentsAsset] Unused key(s) in 'Desert1_Oasis_Boulders' file /Server/HytaleGenerator/Assignments/Desert1/Desert1_Oasis_Boulders.json: $Comments
[2026/02/23 21:40:15   INFO]             [HytaleGenerator] Exported Scanner asset with name 'Plains1_Gorges_Boulder_Scanner' with asset id 'null
[2026/02/23 21:40:15   WARN] [AssetStore|AssignmentsAsset] Unused key(s) in 'Desert1_Oasis_Flowers' file /Server/HytaleGenerator/Assignments/Desert1/Desert1_Oasis_Flowers.json: $Comments
[2026/02/23 21:40:15   WARN]             [HytaleGenerator] Duplicate export name for asset: Desert1_Boulders_Scanner
[2026/02/23 21:40:15   WARN]             [HytaleGenerator] Duplicate export name for asset: Plains1_OakPattern_Floor_Grass
[2026/02/23 21:40:15   WARN] [AssetStore|AssignmentsAsset] Unused key(s) in 'Plains1_Oak_Bushes' file /Server/HytaleGenerator/Assignments/Plains1/Plains1_Oak_Bushes.json: FieldFunction.CacheSize
[2026/02/23 21:40:15   INFO]             [HytaleGenerator] Exported Scanner asset with name 'Desert1_Boulders_Scanner' with asset id 'null
[2026/02/23 21:40:15   WARN]             [HytaleGenerator] Duplicate export name for asset: Plains1_OakPattern_Floor_Grass
[2026/02/23 21:40:15   INFO]             [HytaleGenerator] Exported Scanner asset with name 'Plains1_Gorges_Tree_Scanner' with asset id 'null
[2026/02/23 21:40:15   WARN]             [HytaleGenerator] Duplicate export name for asset: Plains1_Sticks
[2026/02/23 21:40:15   INFO]             [HytaleGenerator] Exported Scanner asset with name 'Desert1_Boab_Scanner' with asset id 'null
[2026/02/23 21:40:15   WARN] [AssetStore|AssignmentsAsset] Unused key(s) in 'Taiga1_Rivers_Grasses' file /Server/HytaleGenerator/Assignments/Taiga1/Taiga1_Rivers_Grasses.json: $Comments
[2026/02/23 21:40:15   INFO]             [HytaleGenerator] Exported Scanner asset with name 'Desert1_Dry_Scanner' with asset id 'null
[2026/02/23 21:40:15   WARN] [AssetStore|AssignmentsAsset] Unused key(s) in 'Desert1_Oasis_Trees_Dry' file /Server/HytaleGenerator/Assignments/Desert1/Desert1_Oasis_Trees_Dry.json: $Comments
[2026/02/23 21:40:15   INFO]             [HytaleGenerator] Exported Scanner asset with name 'Desert1_Oasis_Plants_2_Scanner' with asset id 'null
[2026/02/23 21:40:15   WARN] [AssetStore|AssignmentsAsset] Unused key(s) in 'Desert1_Oasis_Flowers_2' file /Server/HytaleGenerator/Assignments/Desert1/Desert1_Oasis_Flowers_2.json: $Comments
[2026/02/23 21:40:15   INFO]             [HytaleGenerator] Exported Scanner asset with name 'Desert1_Palm_Scanner' with asset id 'null
[2026/02/23 21:40:15   WARN]            [MacroCommandBase] Could not parse default argument value for argument: 'world' on Macro Command: 'settimeandgohome'.
server.commands.errors.noSuchWorld{name=com.hypixel.hytale.protocol.StringParamValue@bf4c6e40}
server.commands.errors.noSuchWorld{name=com.hypixel.hytale.protocol.StringParamValue@bf4c6e40}
[2026/02/23 21:40:15   WARN]  [AssetStore|PrefabListAsset] Asset key 'Trees_Ash_swamp_dead' for file '/Server/PrefabList/Trees_Ash_swamp_dead.json' has incorrect format! Expected: 'Trees_Ash_Swamp_Dead'
[2026/02/23 21:40:15   WARN]  [AssetStore|PrefabListAsset] Asset key 'Trees_Ash_twisted_Giant' for file '/Server/PrefabList/Trees_Ash_twisted_Giant.json' has incorrect format! Expected: 'Trees_Ash_Twisted_Giant'
[2026/02/23 21:40:15   WARN]  [AssetStore|PrefabListAsset] Asset key 'Trees_Ash_twisted' for file '/Server/PrefabList/Trees_Ash_twisted.json' has incorrect format! Expected: 'Trees_Ash_Twisted'
[2026/02/23 21:40:15   WARN]  [AssetStore|PrefabListAsset] Asset key 'Trees_Ash_swamp' for file '/Server/PrefabList/Trees_Ash_swamp.json' has incorrect format! Expected: 'Trees_Ash_Swamp'
[2026/02/23 21:40:15   WARN]  [AssetStore|PrefabListAsset] Asset key 'Trees_Fir_red' for file '/Server/PrefabList/Trees_Fir_red.json' has incorrect format! Expected: 'Trees_Fir_Red'
[2026/02/23 21:40:15   WARN]  [AssetStore|PrefabListAsset] Asset key 'Trees_Ash_twisted_Large' for file '/Server/PrefabList/Trees_Ash_twisted_Large.json' has incorrect format! Expected: 'Trees_Ash_Twisted_Large'
[2026/02/23 21:40:15   WARN]  [AssetStore|PrefabListAsset] Asset key 'Trees_Burnt_dead' for file '/Server/PrefabList/Trees_Burnt_dead.json' has incorrect format! Expected: 'Trees_Burnt_Dead'
[2026/02/23 21:40:15   WARN] [AssetStore|ScriptedBrushAsset] Unused key(s) in 'Walls-Floors' file /Server/ScriptedBrushes/Archive/Walls-Floors.json: Operations.0.Offset
[2026/02/23 21:40:15   WARN] [AssetStore|ScriptedBrushAsset] Unused key(s) in 'FluidMaskExample' file /Server/ScriptedBrushes/Examples/FluidMaskExample.json: Description
[2026/02/23 21:40:15   WARN] [AssetStore|ScriptedBrushAsset] Asset key 'templeFloor' for file '/Server/ScriptedBrushes/Archive/templeFloor.json' has incorrect format! Expected: 'TempleFloor'
[2026/02/23 21:40:15   WARN] [AssetStore|ScriptedBrushAsset] Unused key(s) in 'ReplaceWaterExample' file /Server/ScriptedBrushes/Examples/ReplaceWaterExample.json: Description
[2026/02/23 21:40:15   WARN] [AssetStore|ScriptedBrushAsset] Asset key 'templeRandom' for file '/Server/ScriptedBrushes/Archive/templeRandom.json' has incorrect format! Expected: 'TempleRandom'
[2026/02/23 21:40:15   WARN] [AssetStore|ScriptedBrushAsset] Asset key 'MountainBrush_old' for file '/Server/ScriptedBrushes/Archive/MountainBrush_old.json' has incorrect format! Expected: 'MountainBrush_Old'
[2026/02/23 21:40:15   WARN] [AssetStore|ScriptedBrushAsset] Asset key 'templePillars' for file '/Server/ScriptedBrushes/Archive/templePillars.json' has incorrect format! Expected: 'TemplePillars'
[2026/02/23 21:40:15   WARN] [AssetStore|ScriptedBrushAsset] Asset key 'moltenBall' for file '/Server/ScriptedBrushes/Archive/moltenBall.json' has incorrect format! Expected: 'MoltenBall'
[2026/02/23 21:40:15   WARN] [AssetStore|ScriptedBrushAsset] Asset key 'BoulderBrush_old' for file '/Server/ScriptedBrushes/Archive/BoulderBrush_old.json' has incorrect format! Expected: 'BoulderBrush_Old'
[2026/02/23 21:40:15   WARN] [AssetStore|ScriptedBrushAsset] Asset key 'keepDestruction' for file '/Server/ScriptedBrushes/Archive/keepDestruction.json' has incorrect format! Expected: 'KeepDestruction'
[2026/02/23 21:40:15   WARN] [AssetStore|ScriptedBrushAsset] Asset key 'templeDestruction' for file '/Server/ScriptedBrushes/Archive/templeDestruction.json' has incorrect format! Expected: 'TempleDestruction'
[2026/02/23 21:40:15   WARN] [AssetStore|ScriptedBrushAsset] Asset key 'templeWalls' for file '/Server/ScriptedBrushes/Archive/templeWalls.json' has incorrect format! Expected: 'TempleWalls'
[2026/02/23 21:40:15   WARN]         [AssetStore|BiomeAsset] Unused key(s) in 'Example_Prop' file /Server/HytaleGenerator/Biomes/Examples/Example_Prop.json: Terrain.Density.Inputs.0.CacheSize
[2026/02/23 21:40:15   WARN]         [AssetStore|BiomeAsset] Unused key(s) in 'Fake3dNoise' file /Server/HytaleGenerator/Biomes/Examples/Fake3dNoise.json: Terrain.Density.Inputs.1.CacheSize, Terrain.Density.Inputs.2.Inputs.1.Inputs.0.Inputs.0.CacheSize, Terrain.Density.Inputs.2.Inputs.1.Inputs.0.Inputs.1.CacheSize, Terrain.Density.Inputs.2.Inputs.1.Inputs.0.Inputs.2.CacheSize, Terrain.Density.Inputs.2.Inputs.1.Inputs.0.Inputs.3.CacheSize, Terrain.Density.Inputs.2.Inputs.1.Inputs.0.Inputs.4.CacheSize, Terrain.Density.Inputs.2.Inputs.1.Inputs.0.Inputs.5.CacheSize
[2026/02/23 21:40:15   WARN]         [AssetStore|BiomeAsset] Unused key(s) in 'Example_Fluid' file /Server/HytaleGenerator/Biomes/Examples/Example_Fluid.json: Terrain.Density.Inputs.0.CacheSize, MaterialProvider.Empty.Queue.0.BaseHeight
[2026/02/23 21:40:15   WARN]               [HytaleGenerator] Duplicate export name for asset: pattern1
[2026/02/23 21:40:15   WARN]         [AssetStore|BiomeAsset] Unused key(s) in 'Something' file /Server/HytaleGenerator/Biomes/Experimental/Something.json: Terrain.Density.Inputs.0.Inputs.0.Inputs.0.Inputs.0.CacheSize, Terrain.Density.Inputs.0.Inputs.0.Inputs.0.Inputs.1.Inputs.0.CacheSize, Terrain.Density.Inputs.0.Inputs.0.Inputs.1.Inputs.0.CacheSize, Terrain.Density.Inputs.0.Inputs.0.Inputs.1.Inputs.1.Inputs.0.Inputs.0.Inputs.0.Inputs.0.Sampled, Terrain.Density.Inputs.0.Inputs.0.Inputs.1.Inputs.3.Inputs.0.Inputs.0.CacheSize, Terrain.Density.Inputs.0.Inputs.1.Inputs.0.CacheSize, Terrain.Density.Inputs.0.Inputs.1.Inputs.1.Inputs.0.Inputs.0.CacheSize
[2026/02/23 21:40:15   WARN]               [HytaleGenerator] Duplicate export name for asset: werstjrtydkm,
[2026/02/23 21:40:15   WARN]               [HytaleGenerator] Duplicate export name for asset: Desert1_Rivers_Cliffs
[2026/02/23 21:40:15   WARN]               [HytaleGenerator] Duplicate export name for asset: Taiga1_Rewood_Trees_Mask
[2026/02/23 21:40:15   WARN]         [AssetStore|BiomeAsset] Unused key(s) in 'Example_Multi_Mixer_Horizontal' file /Server/HytaleGenerator/Biomes/Examples/Example_Multi_Mixer_Horizontal.json: Terrain.Density.Inputs.0.Inputs.0.Inputs.0.Inputs.0.CacheSize, Terrain.Density.Inputs.0.Inputs.0.Inputs.0.Inputs.1.CacheSize, Terrain.Density.Inputs.0.Inputs.0.Inputs.0.Inputs.2.CacheSize, Terrain.Density.Inputs.0.Inputs.0.Inputs.0.Inputs.3.CacheSize
[2026/02/23 21:40:15   WARN]               [HytaleGenerator] Duplicate export name for asset: River-Boulders-Mask
[2026/02/23 21:40:15   WARN]               [HytaleGenerator] Duplicate export name for asset: River-Boulders-Mask
[2026/02/23 21:40:15 SEVERE]                          [SERR] Reallocate: 131072 to 1179648
[2026/02/23 21:40:15   WARN]         [AssetStore|BiomeAsset] Unused key(s) in 'CursebreakerKeyartBiome' file /Server/HytaleGenerator/Biomes/Experimental/CursebreakerKeyartBiome.json: Terrain.Density.Inputs.0.Inputs.0.Inputs.0.Inputs.0.Inputs.0.Inputs.0.CacheSize, Terrain.Density.Inputs.0.Inputs.0.Inputs.0.Inputs.1.Inputs.0.Inputs.0.CacheSize, Terrain.Density.Inputs.0.Inputs.0.Inputs.1.Inputs.0.Inputs.0.Inputs.0.Inputs.0.CacheSize, Terrain.Density.Inputs.0.Inputs.1.Inputs.0.Inputs.0.Inputs.0.CacheSize
[2026/02/23 21:40:15   WARN]         [AssetStore|BiomeAsset] Unused key(s) in 'Basic' file /Server/HytaleGenerator/Biomes/Basic.json: Props.0.Assignments.Prop.BoxBlockType
[2026/02/23 21:40:15   WARN]         [AssetStore|BiomeAsset] Unused key(s) in 'Plains1_Deeproot' file /Server/HytaleGenerator/Biomes/Plains1/Plains1_Deeproot.json: Props.5.Positions.OffsetX, Props.5.Positions.OffsetY, Props.5.Positions.OffsetZ
[2026/02/23 21:40:15   WARN]         [AssetStore|BiomeAsset] Unused key(s) in 'SingleInstance_Test' file /Server/HytaleGenerator/Biomes/Examples/SingleInstance_Test.json: Terrain.Density.Inputs.0.Inputs.1.SingleInstance
[2026/02/23 21:40:15   WARN]               [HytaleGenerator] Duplicate export name for asset: werstjrtydkm,
[2026/02/23 21:40:15   WARN]         [AssetStore|BiomeAsset] Unused key(s) in 'Example_Multi_Mixer_Curve' file /Server/HytaleGenerator/Biomes/Examples/Example_Multi_Mixer_Curve.json: Terrain.Density.Inputs.0.Inputs.0.Inputs.0.Inputs.0.CacheSize, Terrain.Density.Inputs.0.Inputs.1.Inputs.0.Inputs.0.Inputs.0.Inputs.0.CacheSize, Terrain.Density.Inputs.0.Inputs.1.Inputs.0.Inputs.0.Inputs.0.Inputs.1.CacheSize, Terrain.Density.Inputs.0.Inputs.1.Inputs.0.Inputs.0.Inputs.0.Inputs.2.CacheSize, Terrain.Density.Inputs.0.Inputs.1.Inputs.1.CacheSize, Terrain.Density.Inputs.1.Inputs.0.CacheSize
[2026/02/23 21:40:15   WARN]               [HytaleGenerator] Duplicate export name for asset: River-Boulders-Mask
[2026/02/23 21:40:15   WARN]         [AssetStore|BiomeAsset] Unused key(s) in 'Dunes' file /Server/HytaleGenerator/Biomes/Experimental/Dunes.json: Terrain.Density.Inputs.0.Inputs.0.Inputs.0.Inputs.0.Inputs.0.Inputs.1.Inputs.0.Inputs.0.Inputs.0.CacheSize, Terrain.Density.Inputs.0.Inputs.0.Inputs.0.Inputs.0.Inputs.0.Inputs.1.Inputs.0.Inputs.1.Inputs.0.CacheSize, Terrain.Density.Inputs.0.Inputs.0.Inputs.0.Inputs.1.Inputs.0.Inputs.0.Inputs.0.CacheSize, Terrain.Density.Inputs.0.Inputs.0.Inputs.0.Inputs.1.Inputs.0.Inputs.1.Inputs.0.CacheSize, Terrain.Density.Inputs.0.Inputs.0.Inputs.1.Inputs.0.Inputs.0.Inputs.1.Inputs.0.Inputs.0.Inputs.0.CacheSize, Terrain.Density.Inputs.0.Inputs.0.Inputs.1.Inputs.0.Inputs.0.Inputs.1.Inputs.0.Inputs.1.Inputs.0.CacheSize, Terrain.Density.Inputs.0.Inputs.0.Inputs.1.Inputs.1.Inputs.0.Inputs.0.CacheSize, Terrain.Density.Inputs.0.Inputs.0.Inputs.1.Inputs.1.Inputs.1.Inputs.0.CacheSize, Terrain.Density.Inputs.0.Inputs.1.Inputs.0.Inputs.0.Inputs.0.Inputs.0.CacheSize, Terrain.Density.Inputs.0.Inputs.1.Inputs.1.Inputs.0.CacheSize, MaterialProvider.Solid.Queue.0.FieldFunction.CacheSize
[2026/02/23 21:40:15   INFO]               [HytaleGenerator] Exported Scanner asset with name 'BasicForestTreeScanner' with asset id 'null
[2026/02/23 21:40:15   WARN]               [HytaleGenerator] Duplicate export name for asset: BasicForestTreeScanner
[2026/02/23 21:40:15   INFO]               [HytaleGenerator] Exported Scanner asset with name 'BasicForestTreeScanner' with asset id 'null
[2026/02/23 21:40:15   WARN]         [AssetStore|BiomeAsset] Unused key(s) in 'Example_Mixer' file /Server/HytaleGenerator/Biomes/Examples/Example_Mixer.json: Terrain.Density.Inputs.0.CacheSize, Terrain.Density.Inputs.1.Inputs.2.Inputs.0.CacheSize
[2026/02/23 21:40:15   WARN]         [AssetStore|BiomeAsset] Unused key(s) in 'Arches' file /Server/HytaleGenerator/Biomes/Experimental/Arches.json: Terrain.Density.Inputs.0.Inputs.0.Inputs.0.Inputs.0.Inputs.0.CacheSize, Terrain.Density.Inputs.0.Inputs.1.Inputs.0.Inputs.0.Inputs.0.CacheSize, Terrain.Density.Inputs.0.Inputs.1.Inputs.0.Inputs.0.Inputs.0.Inputs.0.ReturnType.Density.CacheSize, Terrain.Density.Inputs.0.Inputs.1.Inputs.0.Inputs.1.Inputs.0.CacheSize, Terrain.Density.Inputs.0.Inputs.1.Inputs.0.Inputs.1.Inputs.0.Inputs.0.ReturnType.Density.Inputs.0.Inputs.0.Inputs.0.CacheSize, Terrain.Density.Inputs.0.Inputs.1.Inputs.0.Inputs.2.Inputs.0.CacheSize
[2026/02/23 21:40:15   WARN]         [AssetStore|BiomeAsset] Unused key(s) in 'Generative_Buildings' file /Server/HytaleGenerator/Biomes/Generative/Generative_Buildings.json: Terrain.Density.Inputs.1.Inputs.0.Inputs.0.Inputs.0.Inputs.0.Inputs.0.Inputs.0.Inputs.0.Inputs.0.Positions.Positions.Positions.OffsetX, Terrain.Density.Inputs.1.Inputs.0.Inputs.0.Inputs.0.Inputs.0.Inputs.0.Inputs.0.Inputs.0.Inputs.0.Positions.Positions.Positions.OffsetY, Terrain.Density.Inputs.1.Inputs.0.Inputs.0.Inputs.0.Inputs.0.Inputs.0.Inputs.0.Inputs.0.Inputs.0.Positions.Positions.Positions.OffsetZ
[2026/02/23 21:40:15   WARN]               [HytaleGenerator] Duplicate export name for asset: River-Boulders-Mask
[2026/02/23 21:40:15   WARN]         [AssetStore|BiomeAsset] Unused key(s) in 'Volcanic1_Jungle' file /Server/HytaleGenerator/Biomes/Volcanic1/Volcanic1_Jungle.json: Props.1.Positions.OffsetX, Props.1.Positions.OffsetY, Props.1.Positions.OffsetZ, Props.2.Positions.OffsetX, Props.2.Positions.OffsetY, Props.2.Positions.OffsetZ, Props.3.Positions.OffsetX, Props.3.Positions.OffsetY, Props.3.Positions.OffsetZ
[2026/02/23 21:40:15 SEVERE]                          [SERR] Reallocate: 131072 to 1179648
[2026/02/23 21:40:15   WARN]               [HytaleGenerator] Duplicate export name for asset: Plains1-Gorges-BaseTerrain
[2026/02/23 21:40:15   WARN]               [HytaleGenerator] Duplicate export name for asset: River-Boulders-Mask
[2026/02/23 21:40:15   WARN]               [HytaleGenerator] Duplicate export name for asset: River-Boulders-Mask
[2026/02/23 21:40:15   WARN]               [HytaleGenerator] Duplicate export name for asset: River-Boulders-Mask
[2026/02/23 21:40:15   WARN]               [HytaleGenerator] Duplicate export name for asset: River-Boulders-Mask
[2026/02/23 21:40:15 SEVERE]                          [SERR] Reallocate: 131072 to 1179648
[2026/02/23 21:40:15   WARN]         [AssetStore|BiomeAsset] Unused key(s) in 'Boreal1_Henges' file /Server/HytaleGenerator/Biomes/Boreal1/Boreal1_Henges.json: Terrain.Density.Inputs.0.Inputs.1.Inputs.0.Inputs.0.Inputs.0.Inputs.1.Inputs.0.Inputs.0.Inputs.0.Positions.Positions.OffsetX, Terrain.Density.Inputs.0.Inputs.1.Inputs.0.Inputs.0.Inputs.0.Inputs.1.Inputs.0.Inputs.0.Inputs.0.Positions.Positions.OffsetY, Terrain.Density.Inputs.0.Inputs.1.Inputs.0.Inputs.0.Inputs.0.Inputs.1.Inputs.0.Inputs.0.Inputs.0.Positions.Positions.OffsetZ, Terrain.Density.Inputs.0.Inputs.1.Inputs.0.Inputs.1.Inputs.0.Inputs.1.Inputs.0.Inputs.0.Inputs.0.Inputs.0.Positions.Positions.OffsetX, Terrain.Density.Inputs.0.Inputs.1.Inputs.0.Inputs.1.Inputs.0.Inputs.1.Inputs.0.Inputs.0.Inputs.0.Inputs.0.Positions.Positions.OffsetY, Terrain.Density.Inputs.0.Inputs.1.Inputs.0.Inputs.1.Inputs.0.Inputs.1.Inputs.0.Inputs.0.Inputs.0.Inputs.0.Positions.Positions.OffsetZ
[2026/02/23 21:40:15   WARN]               [HytaleGenerator] Duplicate export name for asset: Peak
[2026/02/23 21:40:15   INFO]               [HytaleGenerator] Exported Scanner asset with name 'Desert1_Rocky_Trees_Dry_Scanner' with asset id 'null
[2026/02/23 21:40:15   INFO]               [HytaleGenerator] Exported Scanner asset with name 'Desert1_Rocky_Trees_Palm_Scanner' with asset id 'null
[2026/02/23 21:40:15   WARN]         [AssetStore|BiomeAsset] Unused key(s) in 'Desert1_Oasis' file /Server/HytaleGenerator/Biomes/Desert1/Desert1_Oasis.json: Props.2.Positions.Positions.OffsetX, Props.2.Positions.Positions.OffsetY, Props.2.Positions.Positions.OffsetZ, Props.3.Positions.Positions.OffsetX, Props.3.Positions.Positions.OffsetY, Props.3.Positions.Positions.OffsetZ, Props.4.Positions.Positions.OffsetX, Props.4.Positions.Positions.OffsetY, Props.4.Positions.Positions.OffsetZ, Props.5.Positions.Positions.OffsetX, Props.5.Positions.Positions.OffsetY, Props.5.Positions.Positions.OffsetZ, Props.6.Positions.Positions.OffsetX, Props.6.Positions.Positions.OffsetY, Props.6.Positions.Positions.OffsetZ
[2026/02/23 21:40:15   INFO]             [HytaleGenerator|P] Loaded Settings asset.
[2026/02/23 21:40:15   INFO]             [CollisionModule|P] Block extents for CollisionSystem is Max=3.0, Min=0.0
[2026/02/23 21:40:15   WARN]               [HytaleGenerator] Duplicate export name for asset: Spawns
[2026/02/23 21:40:15   WARN] [AssetStore|WorldStructureAsset] Unused key(s) in 'Interpolation' file /Server/HytaleGenerator/WorldStructures/Dev/Interpolation.json: BiomeTransitions
[2026/02/23 21:40:15   WARN]            [AssetStore|ModelVFX] Asset key 'test' for file '/Server/Entity/ModelVFX/test.json' has incorrect format! Expected: 'Test'
[2026/02/23 21:40:15   WARN]      [AssetStore|ParticleSystem] Unused key(s) in 'Potion_Health_Implosion' file /Server/Particles/Status_Effect/Potion_Health/Potion_Health_Implosion.particlesystem: Spawners.0.Scale
[2026/02/23 21:40:15   WARN]      [AssetStore|ParticleSystem] Unused key(s) in 'Potion_Stamina_Burst' file /Server/Particles/Status_Effect/Potion_Stamina/Potion_Stamina_Burst.particlesystem: Spawners.0.Scale
[2026/02/23 21:40:15   WARN]      [AssetStore|ParticleSystem] Unused key(s) in 'Potion_Morph_Burst' file /Server/Particles/Status_Effect/Potion_Morph/Potion_Morph_Burst.particlesystem: Spawners.0.Scale
[2026/02/23 21:40:15   WARN] [AssetStore|CustomConnectedBlockTemplateAsset] Unused key(s) in 'DoorLargeConnectedBlockTemplate' file /Server/Item/CustomConnectedBlockTemplates/DoorLargeConnectedBlockTemplate.json: ConnectsToOtherTemplates
[2026/02/23 21:40:15   WARN] [AssetStore|CustomConnectedBlockTemplateAsset] Unused key(s) in 'RailsConnectedBlockTemplate' file /Server/Item/CustomConnectedBlockTemplates/RailsConnectedBlockTemplate.json: MaterialName
[2026/02/23 21:40:16   WARN]        [AssetStore|EntityEffect] Unused key(s) in 'Food_EffectCondition_Buff_Small' file /Server/Entity/Effects/Food/Buff/_Deprecated/Food_EffectCondition_Buff_Small.json: Type, EntityEffectIds, Match, Next, Failed
[2026/02/23 21:40:16   WARN]        [AssetStore|EntityEffect] Unused key(s) in 'Food_EffectCondition_Buff_Medium' file /Server/Entity/Effects/Food/Buff/_Deprecated/Food_EffectCondition_Buff_Medium.json: Type, EntityEffectIds, Match, Next, Failed
[2026/02/23 21:40:16   WARN]         [AssetStore|Interaction] Unused key(s) in 'Ice_Bolt_Miss' file /Server/Item/Interactions/Weapons/Staff/Ice/Ice_Bolt_Miss.json: Effects.WorldParticles
[2026/02/23 21:40:16   WARN]         [AssetStore|Interaction] Unused key(s) in 'Explode_Generic' file /Server/Item/Interactions/Explosions/Explode_Generic.json: Config.Knockback.VelocityConfig.Direction
[2026/02/23 21:40:16   WARN]         [AssetStore|Interaction] Unused key(s) in 'Weapon_Battleaxe_Primary_Downstrike_Force' file /Server/Item/Interactions/Weapons/Battleaxe/Primary/Downstrike/Weapon_Battleaxe_Primary_Downstrike_Force.json: MouseSensitivityAdjustmentTarget, MouseSensitivityAdjustmentDuration
[2026/02/23 21:40:16   WARN]         [AssetStore|Interaction] Unused key(s) in 'Weapon_Daggers_Primary_Pounce_Stab_Force' file /Server/Item/Interactions/Weapons/Daggers/Primary/Pounce/Stab/Weapon_Daggers_Primary_Pounce_Stab_Force.json: VelocityType
[2026/02/23 21:40:16   WARN]         [AssetStore|Interaction] Unused key(s) in 'Ice_Ball_Miss' file /Server/Item/Interactions/Weapons/Staff/Ice/Ice_Ball_Miss.json: Effects.WorldParticles
[2026/02/23 21:40:16   WARN]         [AssetStore|Interaction] Unused key(s) in '*Weapon_Sword_Signature_Vortexstrike_Spin_Selector_Next': Next
[2026/02/23 21:40:16   WARN]         [AssetStore|Interaction] Unused key(s) in '*Weapon_Daggers_Primary_Pounce_Stab_Selector_Next': Next
[2026/02/23 21:40:16   WARN]         [AssetStore|Interaction] Unused key(s) in '**Projectile_Config_Scarak_Seeker_Spitball_Interactions_ProjectileMiss_Interactions_0': Effects.WorldParticles
[2026/02/23 21:40:16   WARN]         [AssetStore|Interaction] Unused key(s) in '**Projectile_Config_Ice_Bolt_Interactions_ProjectileMiss_Interactions_0': Effects.WorldParticles
[2026/02/23 21:40:16   WARN]         [AssetStore|Interaction] Unused key(s) in '**Projectile_Config_Scarak_Seeker_Spitball_Interactions_ProjectileHit_Interactions_0': Entity
[2026/02/23 21:40:16   WARN]         [AssetStore|Interaction] Unused key(s) in '**Projectile_Config_Ice_Ball_Interactions_ProjectileMiss_Interactions_0': Effects.WorldParticles
[2026/02/23 21:40:16   WARN]               [BlockSetModule|P] Creating block sets: Failed to find block name 'Furniture_Temple_Light_Statue'
[2026/02/23 21:40:16   WARN]               [BlockSetModule|P] Creating block sets: Failed to find block name 'Ingredient_Hay'
[2026/02/23 21:40:16   WARN]               [BlockSetModule|P] Creating block sets: Failed to find block name 'Wood_Softwood_Planks'
[2026/02/23 21:40:16   WARN]               [BlockSetModule|P] Creating block sets: Failed to find block name 'Furniture_Feran_Bed'
[2026/02/23 21:40:16   WARN]               [BlockSetModule|P] Creating block sets: Failed to find block name 'Coop_Chicken'
[2026/02/23 21:40:16   WARN]               [BlockSetModule|P] Creating block sets: Failed to find hitbox name 'Fence'
[2026/02/23 21:40:16   WARN]               [BlockSetModule|P] Creating block sets: Failed to find hitbox name 'Fence_Gate'
[2026/02/23 21:40:16   WARN]               [BlockSetModule|P] Creating block sets: Failed to find hitbox name 'Fence_Gate_Open_In'
[2026/02/23 21:40:16   WARN]               [BlockSetModule|P] Creating block sets: Failed to find hitbox name 'Fence_Gate_Open_Out'
[2026/02/23 21:40:16   WARN]               [BlockSetModule|P] Creating block sets: Failed to find hitbox name 'Fence_Thin'
[2026/02/23 21:40:16   WARN]               [BlockSetModule|P] Creating block sets: Failed to find hitbox name 'Fence_Thick'
[2026/02/23 21:40:16   WARN]               [BlockSetModule|P] Creating block sets: Failed to find hitbox name 'Fence_Corner'
[2026/02/23 21:40:16   WARN]               [BlockSetModule|P] Creating block sets: Failed to find hitbox name 'Fence_Corner_Thin'
[2026/02/23 21:40:16   WARN]               [BlockSetModule|P] Creating block sets: Failed to find hitbox name 'Fence_Corner_Thick'
[2026/02/23 21:40:16   WARN]               [BlockSetModule|P] Creating block sets: Failed to find block name 'Furniture_Crude_Bed'
[2026/02/23 21:40:16   WARN]               [BlockSetModule|P] Creating block sets: Failed to find block name 'Soil_Grass'
[2026/02/23 21:40:16   WARN]               [BlockSetModule|P] Creating block sets: Failed to find block name 'Soil_Dirt'
[2026/02/23 21:40:16   WARN]               [BlockSetModule|P] Creating block sets: Failed to find block name 'Soil_Dirt_Poisoned'
[2026/02/23 21:40:16   WARN]               [BlockSetModule|P] Creating block sets: Failed to find block name 'Soil_Mud'
[2026/02/23 21:40:16   WARN]               [BlockSetModule|P] Creating block sets: Failed to find block name 'Deco_Bone_Pile'
[2026/02/23 21:40:16   WARN]               [BlockSetModule|P] Creating block sets: Failed to find block name 'Deco_Bone_Skulls'
[2026/02/23 21:40:16   WARN]               [BlockSetModule|P] Creating block sets: Failed to find block name 'Soil_Gravel_Sand'
[2026/02/23 21:40:16   WARN]               [BlockSetModule|P] Creating block sets: Failed to find block name 'Soil_Dirt'
[2026/02/23 21:40:16   WARN]               [BlockSetModule|P] Creating block sets: Failed to find block name 'Soil_Clay'
[2026/02/23 21:40:16   WARN]               [BlockSetModule|P] Creating block sets: Failed to find block name 'Rock_Stone'
[2026/02/23 21:40:16   WARN]               [BlockSetModule|P] Creating block sets: Failed to find block name 'Rock_Marble'
[2026/02/23 21:40:16   WARN]               [BlockSetModule|P] Creating block sets: Failed to find block name 'Rock_Chalk'
[2026/02/23 21:40:16   WARN]               [BlockSetModule|P] Creating block sets: Failed to find block name 'Ingredient_Hay'
[2026/02/23 21:40:16   WARN]               [BlockSetModule|P] Creating block sets: Failed to find block name 'Bench_Trough'
[2026/02/23 21:40:16   WARN]         [AssetStore|Environment] Asset key 'Env_Temple_of_Gaia' for file '/Server/Environments/Unique/Env_Temple_of_Gaia.json' has incorrect format! Expected: 'Env_Temple_Of_Gaia'
[2026/02/23 21:40:16   WARN]               [BlockSetModule|P] Creating block sets: Failed to find block name 'Furniture_Temple_Light_Statue'
[2026/02/23 21:40:16   WARN]               [BlockSetModule|P] Creating block sets: Failed to find block name 'Ingredient_Hay'
[2026/02/23 21:40:16   WARN]               [BlockSetModule|P] Creating block sets: Failed to find block name 'Wood_Softwood_Planks'
[2026/02/23 21:40:16   WARN]               [BlockSetModule|P] Creating block sets: Failed to find block name 'Furniture_Feran_Bed'
[2026/02/23 21:40:16   WARN]               [BlockSetModule|P] Creating block sets: Failed to find block name 'Coop_Chicken'
[2026/02/23 21:40:16   WARN]               [BlockSetModule|P] Creating block sets: Failed to find hitbox name 'Fence'
[2026/02/23 21:40:16   WARN]               [BlockSetModule|P] Creating block sets: Failed to find hitbox name 'Fence_Gate'
[2026/02/23 21:40:16   WARN]               [BlockSetModule|P] Creating block sets: Failed to find hitbox name 'Fence_Gate_Open_In'
[2026/02/23 21:40:16   WARN]               [BlockSetModule|P] Creating block sets: Failed to find hitbox name 'Fence_Gate_Open_Out'
[2026/02/23 21:40:16   WARN]               [BlockSetModule|P] Creating block sets: Failed to find hitbox name 'Fence_Thin'
[2026/02/23 21:40:16   WARN]               [BlockSetModule|P] Creating block sets: Failed to find hitbox name 'Fence_Thick'
[2026/02/23 21:40:16   WARN]               [BlockSetModule|P] Creating block sets: Failed to find hitbox name 'Fence_Corner'
[2026/02/23 21:40:16   WARN]               [BlockSetModule|P] Creating block sets: Failed to find hitbox name 'Fence_Corner_Thin'
[2026/02/23 21:40:16   WARN]               [BlockSetModule|P] Creating block sets: Failed to find hitbox name 'Fence_Corner_Thick'
[2026/02/23 21:40:16   WARN]               [BlockSetModule|P] Creating block sets: Failed to find block name 'Furniture_Crude_Bed'
[2026/02/23 21:40:16   WARN]               [BlockSetModule|P] Creating block sets: Failed to find block name 'Soil_Grass'
[2026/02/23 21:40:16   WARN]               [BlockSetModule|P] Creating block sets: Failed to find block name 'Soil_Dirt'
[2026/02/23 21:40:16   WARN]               [BlockSetModule|P] Creating block sets: Failed to find block name 'Soil_Dirt_Poisoned'
[2026/02/23 21:40:16   WARN]               [BlockSetModule|P] Creating block sets: Failed to find block name 'Soil_Mud'
[2026/02/23 21:40:16   WARN]               [BlockSetModule|P] Creating block sets: Failed to find block name 'Deco_Bone_Pile'
[2026/02/23 21:40:16   WARN]               [BlockSetModule|P] Creating block sets: Failed to find block name 'Deco_Bone_Skulls'
[2026/02/23 21:40:16   WARN]               [BlockSetModule|P] Creating block sets: Failed to find block name 'Soil_Gravel_Sand'
[2026/02/23 21:40:16   WARN]               [BlockSetModule|P] Creating block sets: Failed to find block name 'Soil_Dirt'
[2026/02/23 21:40:16   WARN]               [BlockSetModule|P] Creating block sets: Failed to find block name 'Soil_Clay'
[2026/02/23 21:40:16   WARN]               [BlockSetModule|P] Creating block sets: Failed to find block name 'Rock_Stone'
[2026/02/23 21:40:16   WARN]               [BlockSetModule|P] Creating block sets: Failed to find block name 'Rock_Marble'
[2026/02/23 21:40:16   WARN]               [BlockSetModule|P] Creating block sets: Failed to find block name 'Rock_Chalk'
[2026/02/23 21:40:16   WARN]               [BlockSetModule|P] Creating block sets: Failed to find block name 'Ingredient_Hay'
[2026/02/23 21:40:16   WARN]               [BlockSetModule|P] Creating block sets: Failed to find block name 'Bench_Trough'
[2026/02/23 21:40:16   WARN]                [AssetStore|Item] Failed to validate asset!
Id: Bench_Builders
Path: /Server/Item/Items/Bench/Bench_Builders.json
Key: Recipe
Results:
	WARNING: Bench Requirement in recipe for 'Fieldcraft' should not have a delay (TimeSeconds) set!

[2026/02/23 21:40:16   WARN]                [AssetStore|Item] Failed to validate asset!
Id: Bench_Campfire
Path: /Server/Item/Items/Bench/Bench_Campfire.json
Key: Recipe
Results:
	WARNING: Bench Requirement in recipe for 'Fieldcraft' should not have a delay (TimeSeconds) set!

[2026/02/23 21:40:16   WARN]                [AssetStore|Item] Failed to validate asset!
Id: Furniture_Crude_Torch
Path: /Server/Item/Items/Furniture/Crude/Unique/Furniture_Crude_Torch.json
Key: Recipe
Results:
	WARNING: Bench Requirement in recipe for 'Fieldcraft' should not have a delay (TimeSeconds) set!

[2026/02/23 21:40:16   WARN]                [AssetStore|Item] Failed to validate asset!
Id: Furniture_Crude_Chest_Small
Path: /Server/Item/Items/Furniture/Crude/Furniture_Crude_Chest_Small.json
Key: Recipe
Results:
	WARNING: Bench Requirement in recipe for 'Fieldcraft' should not have a delay (TimeSeconds) set!

[2026/02/23 21:40:16   WARN]                [AssetStore|Item] Failed to validate asset!
Id: Furniture_Crude_Bed
Path: /Server/Item/Items/Furniture/Crude/Furniture_Crude_Bed.json
Key: Recipe
Results:
	WARNING: Bench Requirement in recipe for 'Fieldcraft' should not have a delay (TimeSeconds) set!

[2026/02/23 21:40:16   WARN]                [AssetStore|Item] Failed to find inherited parent asset Template_Crop_Item (BlockType) for Plant_Crop_Wheat_Item
[2026/02/23 21:40:16   WARN]                [AssetStore|Item] Failed to find inherited parent asset Template_Crop_Item (BlockType) for Plant_Crop_Corn_Item
[2026/02/23 21:40:16   WARN]                [AssetStore|Item] Failed to find inherited parent asset Template_Crop_Item (BlockType) for Plant_Crop_Lettuce_Item
[2026/02/23 21:40:16   WARN]                [AssetStore|Item] Failed to find inherited parent asset Template_Crop_Item (BlockType) for Plant_Crop_Onion_Item
[2026/02/23 21:40:16   WARN]                [AssetStore|Item] Failed to find inherited parent asset Template_Crop_Item (BlockType) for Plant_Crop_Carrot_Item
[2026/02/23 21:40:16   WARN]                [AssetStore|Item] Failed to find inherited parent asset Template_Crop_Item (BlockType) for Plant_Crop_Aubergine_Item
[2026/02/23 21:40:16   WARN]                [AssetStore|Item] Failed to find inherited parent asset Template_Crop_Item (BlockType) for Plant_Crop_Turnip_Item
[2026/02/23 21:40:16   WARN]                [AssetStore|Item] Failed to find inherited parent asset Template_Crop_Item (BlockType) for Plant_Crop_Potato_Item
[2026/02/23 21:40:16   WARN]                [AssetStore|Item] Failed to find inherited parent asset Template_Crop_Item (BlockType) for Plant_Crop_Pumpkin_Item
[2026/02/23 21:40:16   WARN]                [AssetStore|Item] Failed to find inherited parent asset Template_Crop_Item (BlockType) for Plant_Crop_Tomato_Item
[2026/02/23 21:40:16   WARN]                [AssetStore|Item] Failed to find inherited parent asset Template_Crop_Item (BlockType) for Plant_Crop_Rice_Item
[2026/02/23 21:40:16   WARN]                [AssetStore|Item] Failed to find inherited parent asset Template_Crop_Item (BlockType) for Plant_Crop_Chilli_Item
[2026/02/23 21:40:16   WARN]                [AssetStore|Item] Failed to find inherited parent asset Template_Crop_Item (BlockType) for Plant_Crop_Cauliflower_Item
[2026/02/23 21:40:16   WARN]           [AssetStore|BlockType] Unused key(s) in '*Prototype_Geyser_State_Definitions_Off': SoundEventId
[2026/02/23 21:40:16   WARN]           [AssetStore|BlockType] Unused key(s) in '*Prototype_Geyser_State_Definitions_On': SoundEventId
[2026/02/23 21:40:16   WARN]         [AssetStore|Interaction] Unused key(s) in '***Teleporter_State_Definitions_Active_Interactions_Use_Interactions_0': Page.ActiveState, Page.WarpNameWordList
[2026/02/23 21:40:16   WARN]         [AssetStore|Interaction] Unused key(s) in '**Teleporter_Interactions_Use_Interactions_0': Page.ActiveState, Page.WarpNameWordList
[2026/02/23 21:40:16   WARN]         [AssetStore|Interaction] Unused key(s) in '**Portal_Device_Interactions_Use_Interactions_0': Page.Config.GameplayConfig
[2026/02/23 21:40:16   WARN]         [AssetStore|Interaction] Unused key(s) in '**Weapon_Staff_Thorium_InteractionVars_Staff_Cast_Summon_Charged_Interactions_0': Costs
[2026/02/23 21:40:16   WARN]         [AssetStore|Interaction] Unused key(s) in '**Template_Weapon_Crossbow_InteractionVars_Guard_Bash_Interactions_1': Effects, StatModifiers
[2026/02/23 21:40:16   WARN]         [AssetStore|Interaction] Unused key(s) in '**Weapon_Staff_Iron_InteractionVars_Staff_Cast_Summon_Charged_Interactions_0': Costs
[2026/02/23 21:40:16   WARN]         [AssetStore|Interaction] Unused key(s) in '**Weapon_Staff_Wood_InteractionVars_Staff_Cast_Summon_Charged_Interactions_0': Costs
[2026/02/23 21:40:16   WARN]         [AssetStore|Interaction] Unused key(s) in '**Weapon_Staff_Bone_InteractionVars_Staff_Cast_Summon_Charged_Interactions_0': Costs
[2026/02/23 21:40:16   WARN]         [AssetStore|Interaction] Unused key(s) in '**Weapon_Staff_Copper_InteractionVars_Staff_Cast_Summon_Charged_Interactions_0': Costs
[2026/02/23 21:40:16   WARN]         [AssetStore|Interaction] Unused key(s) in '**Template_Weapon_Shield_InteractionVars_Guard_Bash_Interactions_1': Effects, StatModifiers
[2026/02/23 21:40:16   WARN]         [AssetStore|Interaction] Unused key(s) in '**Weapon_Staff_Onion_InteractionVars_Staff_Cast_Summon_Charged_Interactions_0': Costs
[2026/02/23 21:40:16   WARN]         [AssetStore|Interaction] Unused key(s) in '**Halloween_Broomstick_InteractionVars_Staff_Cast_Summon_Charged_Interactions_0': Costs
[2026/02/23 21:40:16   WARN]         [AssetStore|Interaction] Unused key(s) in '**Weapon_Staff_Cane_InteractionVars_Staff_Cast_Summon_Charged_Interactions_0': Costs
[2026/02/23 21:40:16   WARN]         [AssetStore|Interaction] Unused key(s) in '**Weapon_Staff_Doomed_InteractionVars_Staff_Cast_Summon_Charged_Interactions_0': Costs
[2026/02/23 21:40:16   WARN]         [AssetStore|Interaction] Unused key(s) in '**Weapon_Staff_Cobalt_InteractionVars_Staff_Cast_Summon_Charged_Interactions_0': Costs
[2026/02/23 21:40:16   WARN]         [AssetStore|Interaction] Unused key(s) in '**Tool_Sickle_Crude_InteractionVars_Swing_Right_Effect_Interactions_0': WorldSoundEventId
[2026/02/23 21:40:16   WARN]         [AssetStore|Interaction] Unused key(s) in '**Weapon_Staff_Adamantite_InteractionVars_Staff_Cast_Summon_Charged_Interactions_0': Costs
[2026/02/23 21:40:16   WARN]         [AssetStore|Interaction] Unused key(s) in '**Weapon_Staff_Bo_Bamboo_InteractionVars_Staff_Cast_Summon_Charged_Interactions_0': Costs
[2026/02/23 21:40:16   WARN]         [AssetStore|Interaction] Unused key(s) in '**Weapon_Staff_Wood_Kweebec_InteractionVars_Staff_Cast_Summon_Charged_Interactions_0': Costs
[2026/02/23 21:40:16   WARN]         [AssetStore|Interaction] Unused key(s) in '**Weapon_Staff_Wood_Rotten_InteractionVars_Staff_Cast_Summon_Charged_Interactions_0': Costs
[2026/02/23 21:40:16   WARN]         [AssetStore|Interaction] Unused key(s) in '**Weapon_Staff_Frost_InteractionVars_Staff_Cast_Summon_Charged_Interactions_0': Costs
[2026/02/23 21:40:16   WARN]         [AssetStore|Interaction] Unused key(s) in '**Template_Weapon_Shortbow_InteractionVars_Guard_Bash_Interactions_1': Effects, StatModifiers
[2026/02/23 21:40:16   WARN]         [AssetStore|Interaction] Unused key(s) in '**Weapon_Staff_Crystal_Purple_InteractionVars_Staff_Cast_Summon_Charged_Interactions_0': Costs
[2026/02/23 21:40:16   WARN]         [AssetStore|Interaction] Unused key(s) in '**Tool_Sickle_Crude_InteractionVars_Swing_Left_Effect_Interactions_0': WorldSoundEventId
[2026/02/23 21:40:16   WARN]         [AssetStore|Interaction] Unused key(s) in '**Weapon_Staff_Crystal_Red_InteractionVars_Staff_Cast_Summon_Charged_Interactions_0': Costs
[2026/02/23 21:40:16   WARN]         [AssetStore|Interaction] Unused key(s) in '**Weapon_Staff_Wizard_InteractionVars_Staff_Cast_Summon_Charged_Interactions_0': Costs
[2026/02/23 21:40:16   WARN]         [AssetStore|Interaction] Unused key(s) in '**Weapon_Staff_Crystal_Fire_Trork_InteractionVars_Staff_Cast_Summon_Charged_Interactions_0': Costs
[2026/02/23 21:40:16   WARN]         [AssetStore|Interaction] Unused key(s) in '**Weapon_Staff_Bronze_InteractionVars_Staff_Cast_Summon_Charged_Interactions_0': Costs
[2026/02/23 21:40:16   WARN]         [AssetStore|Interaction] Unused key(s) in '**Weapon_Staff_Onyxium_InteractionVars_Staff_Cast_Summon_Charged_Interactions_0': Costs
[2026/02/23 21:40:16   WARN]         [AssetStore|Interaction] Unused key(s) in '**Weapon_Staff_Mithril_InteractionVars_Staff_Cast_Summon_Charged_Interactions_0': Costs
[2026/02/23 21:40:16   WARN]         [AssetStore|Interaction] Unused key(s) in '**Weapon_Staff_Bo_Wood_InteractionVars_Staff_Cast_Summon_Charged_Interactions_0': Costs
[2026/02/23 21:40:16   WARN]         [AssetStore|Interaction] Unused key(s) in '**Weapon_Shield_Copper_InteractionVars_Guard_Bash_Interactions_0': Effects, StatModifiers
[2026/02/23 21:40:16   WARN]         [AssetStore|Interaction] Unused key(s) in '**Weapon_Staff_Crystal_Flame_InteractionVars_Fireball_Impact_3_Interactions_0': EntityStatsOnHit
[2026/02/23 21:40:16   WARN]         [AssetStore|Interaction] Unused key(s) in '**Weapon_Staff_Crystal_Flame_InteractionVars_Fireball_Impact_2_Interactions_0': EntityStatsOnHit
[2026/02/23 21:40:16   WARN]         [AssetStore|Interaction] Unused key(s) in '***Plant_Crop_Mushroom_Glowing_Orange_Interactions_Secondary_Interactions_0_Next': Effects
[2026/02/23 21:40:16   WARN]         [AssetStore|Interaction] Unused key(s) in '***Plant_Crop_Mushroom_Glowing_Red_Interactions_Secondary_Interactions_0_Next': Effects
[2026/02/23 21:40:16   WARN]         [AssetStore|Interaction] Unused key(s) in '***Plant_Crop_Mushroom_Glowing_Blue_Interactions_Secondary_Interactions_0_Next': Effects
[2026/02/23 21:40:16   WARN]         [AssetStore|Interaction] Unused key(s) in '***Plant_Crop_Mushroom_Glowing_Green_Interactions_Secondary_Interactions_0_Next': Effects
[2026/02/23 21:40:16   WARN]         [AssetStore|Interaction] Unused key(s) in '***Plant_Crop_Mushroom_Glowing_Purple_Interactions_Secondary_Interactions_0_Next': Effects
[2026/02/23 21:40:16   WARN]         [AssetStore|Interaction] Unused key(s) in '***Plant_Seaweed_Grass_Stack_Interactions_Secondary_Interactions_0_Next': Effects
[2026/02/23 21:40:16   WARN]         [AssetStore|Interaction] Unused key(s) in '***Plant_Crop_Mushroom_Glowing_Violet_Interactions_Secondary_Interactions_0_Next': Effects
[2026/02/23 21:40:16   WARN]      [AssetStore|GameplayConfig] Unused key(s) in 'Default' file /Server/GameplayConfigs/Default.json: Ping
[2026/02/23 21:40:16   WARN]      [AssetStore|GameplayConfig] Unused key(s) in 'Default_Instance' file /Server/GameplayConfigs/Default_Instance.json: Death.LoseItems
[2026/02/23 21:40:16   INFO]            [AssetRegistryLoader] Took 1sec 441ms 538us 400ns to load all assets
[2026/02/23 21:40:16   INFO]                         [Hytale] Loading assets from: C:\Users\Bryce\Documents\Projects\MobFarmingTools\src\main\resources\Server
[2026/02/23 21:40:16   INFO]            [AssetRegistryLoader] Loading assets from C:\Users\Bryce\Documents\Projects\MobFarmingTools\src\main\resources\Server
[2026/02/23 21:40:16   INFO]              [CollisionModule|P] Block extents for CollisionSystem is Max=3.0, Min=0.0
[2026/02/23 21:40:16   WARN]                [AssetStore|Item] Unused key(s) in 'Mob_Swab_Used' file C:\Users\Bryce\Documents\Projects\MobFarmingTools\src\main\resources\Server\Item\Items\Mob_Swab\Mob_Swab_Used.json: Id
[2026/02/23 21:40:16   WARN]                [AssetStore|Item] Unused key(s) in 'Mob_Swab' file C:\Users\Bryce\Documents\Projects\MobFarmingTools\src\main\resources\Server\Item\Items\Mob_Swab\Mob_Swab.json: Id
[2026/02/23 21:40:16   WARN]                [AssetStore|Item] Unused key(s) in 'Machine_Upgrade_Output' file C:\Users\Bryce\Documents\Projects\MobFarmingTools\src\main\resources\Server\Item\Items\Machine_Upgrade\Machine_Upgrade_Output.json: Id
[2026/02/23 21:40:16   WARN]                [AssetStore|Item] Unused key(s) in 'Debug_Tool' file C:\Users\Bryce\Documents\Projects\MobFarmingTools\src\main\resources\Server\Item\Items\Debug_Tool\Debug_Tool.json: Id
[2026/02/23 21:40:16   WARN]                [AssetStore|Item] Unused key(s) in 'Machine_Upgrade_Width' file C:\Users\Bryce\Documents\Projects\MobFarmingTools\src\main\resources\Server\Item\Items\Machine_Upgrade\Machine_Upgrade_Width.json: Id
[2026/02/23 21:40:16   WARN]                [AssetStore|Item] Unused key(s) in 'Entity_Destroyer' file C:\Users\Bryce\Documents\Projects\MobFarmingTools\src\main\resources\Server\Item\Items\Entity_Destroyer\Entity_Destroyer.json: Id
[2026/02/23 21:40:16   WARN]                [AssetStore|Item] Unused key(s) in 'Machine_Upgrade_Height' file C:\Users\Bryce\Documents\Projects\MobFarmingTools\src\main\resources\Server\Item\Items\Machine_Upgrade\Machine_Upgrade_Height.json: Id
[2026/02/23 21:40:16   WARN]                [AssetStore|Item] Unused key(s) in 'Machine_Upgrade_Length' file C:\Users\Bryce\Documents\Projects\MobFarmingTools\src\main\resources\Server\Item\Items\Machine_Upgrade\Machine_Upgrade_Length.json: Id
[2026/02/23 21:40:16   WARN]                [AssetStore|Item] Unused key(s) in 'Machine_Upgrade_Noise_Suppression' file C:\Users\Bryce\Documents\Projects\MobFarmingTools\src\main\resources\Server\Item\Items\Machine_Upgrade\Machine_Upgrade_Noise_Suppression.json: Id
[2026/02/23 21:40:16   WARN]                [AssetStore|Item] Unused key(s) in 'Machine_Upgrade_Speed' file C:\Users\Bryce\Documents\Projects\MobFarmingTools\src\main\resources\Server\Item\Items\Machine_Upgrade\Machine_Upgrade_Speed.json: Id
[2026/02/23 21:40:16   WARN]                [AssetStore|Item] Unused key(s) in 'Machine_Upgrade_Chunk_Loading' file C:\Users\Bryce\Documents\Projects\MobFarmingTools\src\main\resources\Server\Item\Items\Machine_Upgrade\Machine_Upgrade_Chunk_Loading.json: Id
[2026/02/23 21:40:16   INFO]            [AssetRegistryLoader] Took 67ms 281us 300ns to load all assets
[2026/02/23 21:40:16   INFO]                         [Hytale] Loading NPC assets phase...
[2026/02/23 21:40:16   INFO]                          [NPC|P] Starting to load NPC builders!
[2026/02/23 21:40:17   WARN]                          [NPC|P] Replacing asset 'Test_Patrol_Path' of file '/Server/NPC/Roles/_Core/Tests_Development/Test_Patrol_Path.json' with other file '/Server/NPC/Roles/_Core/Tests/Paths/Test_Patrol_Path.json'
[2026/02/23 21:40:17   INFO]                          [NPC|P] Validating loaded NPC configurations...
[2026/02/23 21:40:17   WARN]                          [NPC|P] Animation Eat does not exist for model Hatworm!
[2026/02/23 21:40:17   WARN]                          [NPC|P] Animation Eat does not exist for model Spark_Living!
[2026/02/23 21:40:17   WARN]                          [NPC|P] Animation Eat does not exist for model Trillodon!
[2026/02/23 21:40:17   WARN]                          [NPC|P] Animation Sleep does not exist for model Slug_Magma!
[2026/02/23 21:40:17   WARN]                          [NPC|P] Animation Alerted does not exist for model Slug_Magma!
[2026/02/23 21:40:17   WARN]                          [NPC|P] Animation Laydown does not exist for model Slug_Magma!
[2026/02/23 21:40:17   WARN]                          [NPC|P] Animation Wake does not exist for model Slug_Magma!
[2026/02/23 21:40:17   WARN]                          [NPC|P] Animation Alerted does not exist for model Scarak_Broodmother!
[2026/02/23 21:40:17   WARN]                          [NPC|P] Animation Wave does not exist for model Frog_Blue!
[2026/02/23 21:40:17   WARN]                          [NPC|P] Animation Wave does not exist for model Frog_Orange!
[2026/02/23 21:40:17   WARN]                          [NPC|P] Animation Alerted does not exist for model Scarak_Broodmother!
[2026/02/23 21:40:17   WARN]                          [NPC|P] Animation Leap does not exist for model Goblin_Duke!
[2026/02/23 21:40:17   WARN]                          [NPC|P] Animation Rally does not exist for model Outlander_Priest!
[2026/02/23 21:40:17   WARN]                          [NPC|P] Animation Alerted does not exist for model Kweebec_Rootling!
[2026/02/23 21:40:17   WARN]                          [NPC|P] Animation Moo does not exist for model Bison_Calf!
[2026/02/23 21:40:17   WARN]                          [NPC|P] Animation Swipe does not exist for model Goblin_Ogre!
[2026/02/23 21:40:17   WARN]                          [NPC|P] Animation Throw does not exist for model Goblin_Ogre!
[2026/02/23 21:40:17   WARN]                          [NPC|P] Animation Swipe does not exist for model Goblin!
[2026/02/23 21:40:17   WARN]                          [NPC|P] Animation Leap does not exist for model Goblin_Duke_Large!
[2026/02/23 21:40:17   WARN]                          [NPC|P] Animation Sleep does not exist for model Tuluk_Fisherman!
[2026/02/23 21:40:17   WARN]                          [NPC|P] Animation Alerted does not exist for model Tuluk_Fisherman!
[2026/02/23 21:40:17   WARN]                          [NPC|P] Animation Laydown does not exist for model Tuluk_Fisherman!
[2026/02/23 21:40:17   WARN]                          [NPC|P] Animation Wake does not exist for model Tuluk_Fisherman!
[2026/02/23 21:40:17   WARN]                          [NPC|P] Animation Leap does not exist for model Goblin_Duke!
[2026/02/23 21:40:17   WARN]                          [NPC|P] Animation Alerted does not exist for model Scarak_Broodmother!
[2026/02/23 21:40:17   WARN]                          [NPC|P] Animation Rally does not exist for model Outlander_Sorcerer!
[2026/02/23 21:40:17   WARN]                          [NPC|P] Animation Wave does not exist for model Temple_Mithril_Guard!
[2026/02/23 21:40:17   WARN]                          [NPC|P] Animation Sleep does not exist for model Wraith_Lantern!
[2026/02/23 21:40:17   WARN]                          [NPC|P] Animation Alerted does not exist for model Wraith_Lantern!
[2026/02/23 21:40:17   WARN]                          [NPC|P] Animation Laydown does not exist for model Wraith_Lantern!
[2026/02/23 21:40:17   WARN]                          [NPC|P] Animation Wake does not exist for model Wraith_Lantern!
[2026/02/23 21:40:17   WARN]                          [NPC|P] Animation Eat does not exist for model Lizard_Sand!
[2026/02/23 21:40:17   INFO]                          [NPC|P] Validation complete.
[2026/02/23 21:40:17   INFO]                          [NPC|P] Loaded 938 NPC configurations, Test: 244, Component: 143, Abstract: 53, Variant: 456, Generic: 44
[2026/02/23 21:40:17   INFO]                          [NPC|P] Starting to load NPC builders!
[2026/02/23 21:40:17   INFO]                          [NPC|P] Validating loaded NPC configurations...
[2026/02/23 21:40:17   WARN]                          [NPC|P] Animation Eat does not exist for model Hatworm!
[2026/02/23 21:40:17   WARN]                          [NPC|P] Animation Eat does not exist for model Spark_Living!
[2026/02/23 21:40:17   WARN]                          [NPC|P] Animation Eat does not exist for model Trillodon!
[2026/02/23 21:40:17   WARN]                          [NPC|P] Animation Sleep does not exist for model Slug_Magma!
[2026/02/23 21:40:17   WARN]                          [NPC|P] Animation Alerted does not exist for model Slug_Magma!
[2026/02/23 21:40:17   WARN]                          [NPC|P] Animation Laydown does not exist for model Slug_Magma!
[2026/02/23 21:40:17   WARN]                          [NPC|P] Animation Wake does not exist for model Slug_Magma!
[2026/02/23 21:40:17   WARN]                          [NPC|P] Animation Alerted does not exist for model Scarak_Broodmother!
[2026/02/23 21:40:17   WARN]                          [NPC|P] Animation Wave does not exist for model Frog_Blue!
[2026/02/23 21:40:17   WARN]                          [NPC|P] Animation Wave does not exist for model Frog_Orange!
[2026/02/23 21:40:17   WARN]                          [NPC|P] Animation Alerted does not exist for model Scarak_Broodmother!
[2026/02/23 21:40:17   WARN]                          [NPC|P] Animation Leap does not exist for model Goblin_Duke!
[2026/02/23 21:40:17   WARN]                          [NPC|P] Animation Rally does not exist for model Outlander_Priest!
[2026/02/23 21:40:17   WARN]                          [NPC|P] Animation Alerted does not exist for model Kweebec_Rootling!
[2026/02/23 21:40:17   WARN]                          [NPC|P] Animation Moo does not exist for model Bison_Calf!
[2026/02/23 21:40:17   WARN]                          [NPC|P] Animation Swipe does not exist for model Goblin_Ogre!
[2026/02/23 21:40:17   WARN]                          [NPC|P] Animation Throw does not exist for model Goblin_Ogre!
[2026/02/23 21:40:17   WARN]                          [NPC|P] Animation Swipe does not exist for model Goblin!
[2026/02/23 21:40:17   WARN]                          [NPC|P] Animation Leap does not exist for model Goblin_Duke_Large!
[2026/02/23 21:40:17   WARN]                          [NPC|P] Animation Sleep does not exist for model Tuluk_Fisherman!
[2026/02/23 21:40:17   WARN]                          [NPC|P] Animation Alerted does not exist for model Tuluk_Fisherman!
[2026/02/23 21:40:17   WARN]                          [NPC|P] Animation Laydown does not exist for model Tuluk_Fisherman!
[2026/02/23 21:40:17   WARN]                          [NPC|P] Animation Wake does not exist for model Tuluk_Fisherman!
[2026/02/23 21:40:17   WARN]                          [NPC|P] Animation Leap does not exist for model Goblin_Duke!
[2026/02/23 21:40:17   WARN]                          [NPC|P] Animation Alerted does not exist for model Scarak_Broodmother!
[2026/02/23 21:40:17   WARN]                          [NPC|P] Animation Rally does not exist for model Outlander_Sorcerer!
[2026/02/23 21:40:17   WARN]                          [NPC|P] Animation Wave does not exist for model Temple_Mithril_Guard!
[2026/02/23 21:40:17   WARN]                          [NPC|P] Animation Sleep does not exist for model Wraith_Lantern!
[2026/02/23 21:40:17   WARN]                          [NPC|P] Animation Alerted does not exist for model Wraith_Lantern!
[2026/02/23 21:40:17   WARN]                          [NPC|P] Animation Laydown does not exist for model Wraith_Lantern!
[2026/02/23 21:40:17   WARN]                          [NPC|P] Animation Wake does not exist for model Wraith_Lantern!
[2026/02/23 21:40:17   WARN]                          [NPC|P] Animation Eat does not exist for model Lizard_Sand!
[2026/02/23 21:40:17   INFO]                          [NPC|P] Validation complete.
[2026/02/23 21:40:17   INFO]                          [NPC|P] Loaded 938 NPC configurations
[2026/02/23 21:40:17   INFO]                         [Hytale] Loading NPC assets phase completed! Boot time 4sec 719ms 685us 100ns, Took 982ms 672us 300ns
[2026/02/23 21:40:17   INFO]                         [Hytale] Validating Spawn assets phase...
[2026/02/23 21:40:17   INFO]                         [Hytale] Spawn assets validation phase completed! Boot time 4sec 720ms 706us 400ns, Took 936us 800ns
[2026/02/23 21:40:17   INFO]                   [I18nModule|P] Loaded 7756 entries for 'ru-RU' from /Server/Languages
[2026/02/23 21:40:18   INFO]                   [I18nModule|P] Loaded 7756 entries for 'pt-BR' from /Server/Languages
[2026/02/23 21:40:18   INFO]                   [I18nModule|P] Loaded 8012 entries for 'en-US' from /Server/Languages
[2026/02/23 21:40:18   INFO]                   [I18nModule|P] Loaded 51 entries from /Server/Languages/fallback.lang
[2026/02/23 21:40:18   INFO]                   [I18nModule|P] Loaded 16 entries for 'en-US' from C:\Users\Bryce\Documents\Projects\MobFarmingTools\src\main\resources\Server\Languages
[2026/02/23 21:40:18   INFO]                   [HytaleServer] Starting plugin manager...
[2026/02/23 21:40:18   INFO]                  [PluginManager] Enabled plugin Hytale:WorldLocationCondition
[2026/02/23 21:40:18   INFO]                  [PluginManager] Enabled plugin Hytale:ServerManager
[2026/02/23 21:40:18   INFO]                  [PluginManager] Enabled plugin Hytale:SprintForce
[2026/02/23 21:40:18   INFO]                  [PluginManager] Enabled plugin Hytale:MigrationModule
[2026/02/23 21:40:18   INFO]                  [PluginManager] Enabled plugin Hytale:AssetModule
[2026/02/23 21:40:18   INFO]                  [PluginManager] Enabled plugin Hytale:ConsoleModule
[2026/02/23 21:40:18   INFO]                  [PluginManager] Enabled plugin Hytale:TimeModule
[2026/02/23 21:40:18   INFO]                  [PluginManager] Enabled plugin Hytale:CollisionModule
[2026/02/23 21:40:18   INFO]                  [PluginManager] Enabled plugin Hytale:DebugPlugin
[2026/02/23 21:40:18   INFO]                  [PluginManager] Enabled plugin Hytale:SplitVelocity
[2026/02/23 21:40:18   INFO]                  [PluginManager] Enabled plugin Hytale:Model
[2026/02/23 21:40:18   INFO]                  [PluginManager] Enabled plugin Hytale:CrouchSlide
[2026/02/23 21:40:18   INFO]                [ServerManager|P] Listening on /[0:0:0:0:0:0:0:0]:5520 and took 1ms 770us 400ns
[2026/02/23 21:40:18   INFO]                  [PluginManager] Enabled plugin Hytale:Universe
[2026/02/23 21:40:18   INFO]                  [PluginManager] Enabled plugin Hytale:TagSet
[2026/02/23 21:40:18   INFO]                [ServerManager|P] Listening on /0.0.0.0:5520 and took 582us
[2026/02/23 21:40:18   INFO]                [ServerManager|P] Listening on /[0:0:0:0:0:0:0:1]:5520 and took 610us 700ns
[2026/02/23 21:40:18   WARN]                   [UpdateModule] Update checker disabled: invalid folder layout. Expected to run from Server/ with Assets.zip and start.sh/bat in parent directory.
[2026/02/23 21:40:18   INFO]                  [PluginManager] Enabled plugin Hytale:UpdateModule
[2026/02/23 21:40:18   INFO]                  [PluginManager] Enabled plugin Hytale:AccessControlModule
[2026/02/23 21:40:18   INFO]                  [PluginManager] Enabled plugin Hytale:CommandMacro
[2026/02/23 21:40:18   INFO]                  [PluginManager] Enabled plugin Hytale:SafetyRoll
[2026/02/23 21:40:18   INFO]                  [PluginManager] Enabled plugin Hytale:HytaleGenerator
[2026/02/23 21:40:18   INFO]                  [PluginManager] Enabled plugin Hytale:ItemModule
[2026/02/23 21:40:18   INFO]                  [PluginManager] Enabled plugin Hytale:AnchorActionModule
[2026/02/23 21:40:18   INFO]                  [PluginManager] Enabled plugin ScaffoldIt:Devtools
[2026/02/23 21:40:18   INFO]                  [PluginManager] Enabled plugin Hytale:CommonAssetModule
[2026/02/23 21:40:18   INFO]                  [PluginManager] Enabled plugin Hytale:CosmeticsModule
[2026/02/23 21:40:18   INFO]                  [PluginManager] Enabled plugin Hytale:I18nModule
[2026/02/23 21:40:18   INFO]                  [PluginManager] Enabled plugin Hytale:LegacyModule
[2026/02/23 21:40:18   INFO]                  [PluginManager] Enabled plugin Hytale:LANDiscovery
[2026/02/23 21:40:18   INFO]                  [PluginManager] Enabled plugin Hytale:Mantling
[2026/02/23 21:40:18   INFO]                  [World|default] Loading world 'default' with generator type: 'FlatWorldGenProvider{tint=com.hypixel.hytale.protocol.Color@1acd0, layers=[Layer{from=0, to=78, environment='Env_Zone1_Plains', blockType=Empty}, Layer{from=79, to=80, environment='Env_Zone1_Plains', blockType=Rock_Chalk_Brick_Decorative}, Layer{from=81, to=320, environment='Env_Zone1_Plains', blockType=Empty}]}' and chunk storage: 'DefaultChunkStorageProvider{DEFAULT=IndexedStorageChunkStorageProvider{}}'...
[2026/02/23 21:40:18   INFO]                  [PluginManager] Enabled plugin Hytale:PermissionsModule
[2026/02/23 21:40:18   INFO]                  [PluginManager] Enabled plugin Hytale:Deployables
[2026/02/23 21:40:18   INFO]                  [PluginManager] Enabled plugin Hytale:BlockSetModule
[2026/02/23 21:40:18   INFO]                  [PluginManager] Enabled plugin Hytale:FlyCameraModule
[2026/02/23 21:40:18   INFO]                  [PluginManager] Enabled plugin Hytale:EntityModule
[2026/02/23 21:40:18   INFO]                  [PluginManager] Enabled plugin Hytale:BlockTick
[2026/02/23 21:40:18   INFO]                  [PluginManager] Enabled plugin Hytale:BlockHealthModule
[2026/02/23 21:40:18   INFO]                  [PluginManager] Enabled plugin Hytale:InteractionModule
[2026/02/23 21:40:18   INFO]                  [PluginManager] Enabled plugin Hytale:ServerPlayerListModule
[2026/02/23 21:40:18   INFO]                  [PluginManager] Enabled plugin Hytale:ConnectedBlocksModule
[2026/02/23 21:40:18   INFO]                  [PluginManager] Enabled plugin Hytale:BlockTypeModule
[2026/02/23 21:40:18   INFO]                  [PluginManager] Enabled plugin Hytale:RandomTick
[2026/02/23 21:40:18   INFO]                  [PluginManager] Enabled plugin Hytale:BlockModule
[2026/02/23 21:40:18   INFO]                  [PluginManager] Enabled plugin Hytale:Weather
[2026/02/23 21:40:18   INFO]                  [PluginManager] Enabled plugin Hytale:Reputation
[2026/02/23 21:40:18   INFO]                  [PluginManager] Enabled plugin Hytale:Parkour
[2026/02/23 21:40:18   INFO]                  [PluginManager] Enabled plugin Hytale:ProjectileModule
[2026/02/23 21:40:18   INFO]                  [PluginManager] Enabled plugin Hytale:Teleport
[2026/02/23 21:40:18   INFO]                  [PluginManager] Enabled plugin Hytale:WorldGen
[2026/02/23 21:40:18   INFO]                  [PluginManager] Enabled plugin Hytale:BlockStateModule
[2026/02/23 21:40:18   INFO]                  [PluginManager] Enabled plugin Hytale:AssetEditor
[2026/02/23 21:40:18   INFO]                  [PluginManager] Enabled plugin Hytale:Ambience
[2026/02/23 21:40:18   INFO]                  [PluginManager] Enabled plugin Bryce:MobFarmingTools
[2026/02/23 21:40:18   INFO]                  [PluginManager] Enabled plugin Hytale:Teleporter
[2026/02/23 21:40:18   INFO]                  [PluginManager] Enabled plugin Hytale:BlockPhysics
[2026/02/23 21:40:18   INFO]                  [PluginManager] Enabled plugin Hytale:BuilderTools
[2026/02/23 21:40:18   INFO]                  [PluginManager] Enabled plugin Hytale:Farming
[2026/02/23 21:40:18   INFO]                  [PluginManager] Enabled plugin Hytale:Fluid
[2026/02/23 21:40:18   INFO]                  [World|default] Added world 'default' - Seed: 1768514360118, GameTime: 0001-01-01T12:00:00Z
[2026/02/23 21:40:18   INFO]                [BarterShopState] No saved barter shop state found, starting fresh
[2026/02/23 21:40:18   INFO]                         [Shop|P] Barter shop state initialized
[2026/02/23 21:40:18   INFO]                  [PluginManager] Enabled plugin Hytale:Shop
[2026/02/23 21:40:18   INFO]                  [PluginManager] Enabled plugin Hytale:Crafting
[2026/02/23 21:40:18   INFO]                  [PluginManager] Enabled plugin Hytale:SingleplayerModule
[2026/02/23 21:40:18   INFO]                  [PluginManager] Enabled plugin Hytale:ShopReputation
[2026/02/23 21:40:18   INFO]                  [PluginManager] Enabled plugin Hytale:EntityStatsModule
[2026/02/23 21:40:18   INFO]                  [PluginManager] Enabled plugin Hytale:BlockSpawner
[2026/02/23 21:40:18   INFO]                  [PluginManager] Enabled plugin Hytale:PrefabSpawnerModule
[2026/02/23 21:40:18   INFO]                  [PluginManager] Enabled plugin Hytale:Instances
[2026/02/23 21:40:18   INFO]                  [PluginManager] Enabled plugin Hytale:Objectives
[2026/02/23 21:40:18   INFO]                  [PluginManager] Enabled plugin Hytale:Path
[2026/02/23 21:40:18   INFO]                  [PluginManager] Enabled plugin Hytale:EntityUIModule
[2026/02/23 21:40:18   INFO]                  [PluginManager] Enabled plugin Hytale:Stash
[2026/02/23 21:40:18   INFO]                  [PluginManager] Enabled plugin Hytale:StaminaModule
[2026/02/23 21:40:18   INFO]                  [PluginManager] Enabled plugin Hytale:ObjectiveShop
[2026/02/23 21:40:18   INFO]                  [PluginManager] Enabled plugin Hytale:ObjectiveReputation
[2026/02/23 21:40:18   INFO]                  [PluginManager] Enabled plugin Hytale:CreativeHub
[2026/02/23 21:40:18   INFO]                  [PluginManager] Enabled plugin Hytale:DamageModule
[2026/02/23 21:40:18   INFO]                  [PluginManager] Enabled plugin Hytale:Camera
[2026/02/23 21:40:18   INFO]                  [PluginManager] Enabled plugin Hytale:NPC
[2026/02/23 21:40:18   INFO]                  [PluginManager] Enabled plugin Hytale:Mounts
[2026/02/23 21:40:18   INFO]                  [PluginManager] Enabled plugin Hytale:Flock
[2026/02/23 21:40:18   INFO]                  [PluginManager] Enabled plugin Hytale:NPCEditor
[2026/02/23 21:40:18   INFO]                [World|default|M] Initializing world map generator: com.hypixel.hytale.server.core.universe.world.worldmap.provider.chunk.ChunkWorldMap@1beed99d
[2026/02/23 21:40:18   INFO]                [World|default|M] Generating Points of Interest...
[2026/02/23 21:40:18   INFO]                [World|default|M] Finished Generating Points of Interest!
[2026/02/23 21:40:18   INFO]                  [PluginManager] Enabled plugin Hytale:Memories
[2026/02/23 21:40:18   INFO]                  [PluginManager] Enabled plugin Hytale:NPCShop
[2026/02/23 21:40:18   INFO]                  [PluginManager] Enabled plugin Hytale:Beds
[2026/02/23 21:40:18   INFO]                  [PluginManager] Enabled plugin Hytale:Portals
[2026/02/23 21:40:18   INFO]                  [PluginManager] Enabled plugin Hytale:NPCCombatActionEvaluator
[2026/02/23 21:40:18   INFO]                  [PluginManager] Enabled plugin Hytale:NPCReputation
[2026/02/23 21:40:18   INFO]                     [Spawning|P] Successfully set up 96 world spawn configurations
[2026/02/23 21:40:18   INFO]                     [Spawning|P] Successfully set up 75 beacon spawn configurations
[2026/02/23 21:40:18   INFO]                  [PluginManager] Enabled plugin Hytale:Spawning
[2026/02/23 21:40:18   INFO]                  [PluginManager] Enabled plugin Hytale:NPCObjectives
[2026/02/23 21:40:18   INFO]                   [HytaleServer] Plugin manager started! Startup time so far: 4sec 803ms 801us
[2026/02/23 21:40:18   INFO]                   [HytaleServer] Getting Hytale Universe ready...
[2026/02/23 21:40:18   INFO]                     [Teleport|P] Loaded 0 warps (No warps.json found)
[2026/02/23 21:40:18   INFO]                   [HytaleServer] Universe ready!
[2026/02/23 21:40:18   INFO]                  [AssetModule|P] Total Loaded Assets: Interaction: 7330, RootInteraction: 5495, BlockType: 3984, Item: 3035, CraftingRecipe: 1666, ParticleSpawner: 1612, SoundEvent: 1173, ItemDropList: 728, ParticleSystem: 553, ModelAsset: 436, SpawnMarker: 243, BlockBoundingBoxes: 235, Condition: 228, ItemPlayerAnimations: 183, EntityEffect: 176, AmbienceFX: 166, TagPattern: 133, ResourceType: 124, Environment: 123, AssignmentsAsset: 112, ProjectileConfig: 111, WorldNPCSpawn: 96, AudioCategory: 96, Weather: 88, CombatActionOption: 87, Projectile: 86, PrefabListAsset: 77, BeaconNPCSpawn: 75, NPCGroup: 70, BiomeAsset: 69, Trail: 59, FlockAsset: 58, BlockSet: 57, BlockSoundSet: 53, CameraShake: 49, CameraEffect: 49, BalanceAsset: 48, BlockSpawnerTable: 46, BlockGroup: 43, ScriptedBrushAsset: 38, ItemSoundSet: 36, ModelVFX: 33, BlockParticleSet: 30, AttitudeGroup: 26, ReverbEffect: 22, ItemToolSpec: 17, Fluid: 16, DamageCause: 15, WorldStructureAsset: 14, EntityStatType: 13, ObjectiveAsset: 12, ItemQuality: 12, BlockTypeListAsset: 12, ViewBobbing: 12, ResponseCurve: 12, CustomConnectedBlockTemplateAsset: 11, BlockMigration: 11, DensityAsset: 9, MacroCommandBuilder: 8, FluidFX: 5, PortalType: 5, GameplayConfig: 5, ItemCategory: 4, GrowthModifierAsset: 4, ObjectiveLocationMarkerAsset: 4, BlockBreakingDecal: 4, EqualizerEffect: 3, UnarmedInteractions: 3, MovementConfig: 3, ItemReticleConfig: 3, SpawnSuppression: 3, RepulsionConfig: 2, ObjectiveLineAsset: 2, BarterShopAsset: 2, HitboxCollisionConfig: 2, EntityUIComponent: 2, GameModeType: 2, SoundSet: 2, WordList: 1, PrefabEditorCreationSettings: 1, BuilderToolItemReferenceAsset: 1, ReachLocationMarkerAsset: 1, SettingsAsset: 1, ItemAttitudeGroup: 1, FieldcraftCategory: 1, FarmingCoopAsset: 1, ReputationGroup: 0, ShopAsset: 0, ReputationRank: 0, DeployableSpawner: 0, BlockMaskAsset: 0
[2026/02/23 21:40:18   INFO]                   [HytaleServer] ===============================================================================================
[2026/02/23 21:40:18   INFO]                   [HytaleServer]          Hytale Server Booted! [Multiplayer, Fresh Universe] took 4sec 816ms 851us 500ns
[2026/02/23 21:40:18   INFO]                   [HytaleServer] ===============================================================================================
[2026/02/23 21:40:18   WARN]                   [HytaleServer] No server tokens configured. Use /auth login to authenticate.
[2026/02/23 21:40:31   INFO]                 [CommandManager] Console executed command: auth login browser
Starting OAuth2 browser flow. Check browser or console for URL.
[2026/02/23 21:40:31   INFO]                [AbstractCommand] Starting OAuth browser flow...
[2026/02/23 21:40:31   INFO]                [AbstractCommand] ===================================================================
[2026/02/23 21:40:31   INFO]                [AbstractCommand] Please open this URL in your browser to authenticate:
[2026/02/23 21:40:31   INFO]                [AbstractCommand] https://oauth.accounts.hytale.com/oauth2/auth?response_type=code&client_id=hytale-server&redirect_uri=https%3A%2F%2Faccounts.hytale.com%2Fconsent%2Fclient&scope=openid+offline+auth%3Aserver&state=eyJzdGF0ZSI6IjQ0VnJ6eVR1Q3p6Q25lUEZOazl1b1JXQjBDeDRWV0FrIiwicG9ydCI6IjYyMTAxIn0&code_challenge=ixDwHpNYi3HqaM2gjw6rTouYuk1qxjT5iT-Kj2J6Seo&code_challenge_method=S256
[2026/02/23 21:40:31   INFO]                [AbstractCommand] ===================================================================
[2026/02/23 21:40:36   INFO]           [SessionServiceClient] Session Service client initialized for: https://sessions.hytale.com
[2026/02/23 21:40:36   INFO]           [SessionServiceClient] Fetching game profiles...
[2026/02/23 21:40:36   INFO]           [SessionServiceClient] Found 1 game profile(s)
[2026/02/23 21:40:36   INFO]              [ServerAuthManager] Auto-selected profile: beters (22d34285-a37a-4b58-940a-41712101ef7c)
[2026/02/23 21:40:36   INFO]           [SessionServiceClient] Creating game session...
[2026/02/23 21:40:37   INFO]           [SessionServiceClient] Successfully created game session
[2026/02/23 21:40:37   INFO]              [ServerAuthManager] Token refresh scheduled in 3300 seconds
[2026/02/23 21:40:37   INFO]              [ServerAuthManager] Authentication successful! Mode: OAUTH_BROWSER
Authentication successful! Use '/auth status' to view details.
Credentials saved using: Encrypted
[2026/02/23 21:40:40   INFO]                  [QUICTransport] Received connection from QuicConnectionAddress{connId=} (/[0:0:0:0:0:0:0:1]:50233) to QuicConnectionAddress{connId=de796bd2d50e40bffe8339830948ec45a6ca3d0d} (/[0:0:0:0:0:0:0:1]:5520) (SNI: localhost)
[2026/02/23 21:40:41   INFO]                         [Hytale] Received stream QuicConnectionAddress{connId=de796bd2d50e40bffe8339830948ec45a6ca3d0d} (/[0:0:0:0:0:0:0:1]:50233, streamId=0) to QuicConnectionAddress{connId=de796bd2d50e40bffe8339830948ec45a6ca3d0d} (/[0:0:0:0:0:0:0:1]:5520, streamId=0)
[2026/02/23 21:40:41 FINEST]                    [LoginTiming] [{Initial(QuicConnectionAddress{connId=de796bd2d50e40bffe8339830948ec45a6ca3d0d} (/[0:0:0:0:0:0:0:1]:50233, streamId=0))}] Entering stage 'initial'
[2026/02/23 21:40:41   FINE]                    [LoginTiming] [{Initial(QuicConnectionAddress{connId=de796bd2d50e40bffe8339830948ec45a6ca3d0d} (/[0:0:0:0:0:0:0:1]:50233, streamId=0))}] Registered took 151us 400ns
[2026/02/23 21:40:41   FINE]                    [LoginTiming] [{Initial(QuicConnectionAddress{connId=de796bd2d50e40bffe8339830948ec45a6ca3d0d} (/[0:0:0:0:0:0:0:1]:50233, streamId=0))}] Connect took 86ms 999us 300ns
[2026/02/23 21:40:41   INFO]                         [Hytale] Starting authenticated flow for beters (22d34285-a37a-4b58-940a-41712101ef7c) from QuicConnectionAddress{connId=de796bd2d50e40bffe8339830948ec45a6ca3d0d} (/[0:0:0:0:0:0:0:1]:50233, streamId=0)
[2026/02/23 21:40:41   INFO]           [SessionServiceClient] Session Service client initialized for: https://sessions.hytale.com
[2026/02/23 21:40:41   INFO]           [SessionServiceClient] Successfully fetched JWKS with 1 keys
[2026/02/23 21:40:41   INFO]                   [JWTValidator] JWKS loaded with 1 keys (cached permanently)
[2026/02/23 21:40:41   INFO]                   [JWTValidator] Identity token validated successfully for user beters (UUID: 22d34285-a37a-4b58-940a-41712101ef7c)
[2026/02/23 21:40:41   INFO]               [HandshakeHandler] Identity token validated for beters (UUID: 22d34285-a37a-4b58-940a-41712101ef7c, scope: hytale:client) from QuicConnectionAddress{connId=de796bd2d50e40bffe8339830948ec45a6ca3d0d} (/[0:0:0:0:0:0:0:1]:50233, streamId=0), requesting auth grant
[2026/02/23 21:40:41 FINEST]                    [LoginTiming] [{Authenticating(QuicConnectionAddress{connId=de796bd2d50e40bffe8339830948ec45a6ca3d0d} (/[0:0:0:0:0:0:0:1]:50233, streamId=0)), authHandlerSupplier=com.hypixel.hytale.server.core.io.handlers.InitialPacketHandler$$Lambda/0x00000000370116c8@71e899bb}] Entering stage 'auth:grant' took 165ms 137us 200ns
[2026/02/23 21:40:41   INFO]           [SessionServiceClient] Requesting authorization grant with identity token, aud='98ed8c91-721c-4c9b-a99a-38baeff48e94'
[2026/02/23 21:40:41   INFO]           [SessionServiceClient] Successfully obtained authorization grant
[2026/02/23 21:40:41   INFO]               [HandshakeHandler] Sending AuthGrant to QuicConnectionAddress{connId=de796bd2d50e40bffe8339830948ec45a6ca3d0d} (/[0:0:0:0:0:0:0:1]:50233, streamId=0) (with server identity: true)
[2026/02/23 21:40:41 FINEST]                    [LoginTiming] [{Authenticating(QuicConnectionAddress{connId=de796bd2d50e40bffe8339830948ec45a6ca3d0d} (/[0:0:0:0:0:0:0:1]:50233, streamId=0)), authHandlerSupplier=com.hypixel.hytale.server.core.io.handlers.InitialPacketHandler$$Lambda/0x00000000370116c8@71e899bb}] Entering stage 'auth:token' took 88ms 478us 400ns
[2026/02/23 21:40:41   INFO]               [HandshakeHandler] Received AuthToken from QuicConnectionAddress{connId=de796bd2d50e40bffe8339830948ec45a6ca3d0d} (/[0:0:0:0:0:0:0:1]:50233, streamId=0), validating JWT (mTLS cert present: true, server auth grant: true)
[2026/02/23 21:40:41   INFO]                [CertificateUtil] Certificate binding validated successfully
[2026/02/23 21:40:41   INFO]                   [JWTValidator] JWT validated successfully for user beters (UUID: 22d34285-a37a-4b58-940a-41712101ef7c)
[2026/02/23 21:40:41 FINEST]                    [LoginTiming] [{Authenticating(QuicConnectionAddress{connId=de796bd2d50e40bffe8339830948ec45a6ca3d0d} (/[0:0:0:0:0:0:0:1]:50233, streamId=0)), authHandlerSupplier=com.hypixel.hytale.server.core.io.handlers.InitialPacketHandler$$Lambda/0x00000000370116c8@71e899bb}] Entering stage 'auth:server-exchange' took 356ms 263us 100ns
[2026/02/23 21:40:41   INFO]           [SessionServiceClient] Exchanging authorization grant for access token
[2026/02/23 21:40:41   INFO]           [SessionServiceClient] Successfully obtained access token
[2026/02/23 21:40:41   INFO]               [HandshakeHandler] Sending ServerAuthToken to QuicConnectionAddress{connId=de796bd2d50e40bffe8339830948ec45a6ca3d0d} (/[0:0:0:0:0:0:0:1]:50233, streamId=0) (with password challenge: false)
[2026/02/23 21:40:41   INFO]               [HandshakeHandler] Mutual authentication complete for beters (22d34285-a37a-4b58-940a-41712101ef7c) from QuicConnectionAddress{connId=de796bd2d50e40bffe8339830948ec45a6ca3d0d} (/[0:0:0:0:0:0:0:1]:50233, streamId=0)
[2026/02/23 21:40:41   FINE]                    [LoginTiming] [{Authenticating(QuicConnectionAddress{connId=de796bd2d50e40bffe8339830948ec45a6ca3d0d} (/[0:0:0:0:0:0:0:1]:50233, streamId=0)), authHandlerSupplier=com.hypixel.hytale.server.core.io.handlers.InitialPacketHandler$$Lambda/0x00000000370116c8@71e899bb}] Authenticated took 85ms 743us 500ns
[2026/02/23 21:40:41   INFO]          [PasswordPacketHandler] Connection complete for beters (22d34285-a37a-4b58-940a-41712101ef7c) (SNI: localhost), transitioning to setup
[2026/02/23 21:40:41 FINEST]                    [LoginTiming] [{Setup(QuicConnectionAddress{connId=de796bd2d50e40bffe8339830948ec45a6ca3d0d} (/[0:0:0:0:0:0:0:1]:50233, streamId=0)), beters, 22d34285-a37a-4b58-940a-41712101ef7c, SECURE}] Entering stage 'setup:world-settings' took 779us 900ns
[2026/02/23 21:40:41   FINE]                    [LoginTiming] [{Setup(QuicConnectionAddress{connId=de796bd2d50e40bffe8339830948ec45a6ca3d0d} (/[0:0:0:0:0:0:0:1]:50233, streamId=0)), beters, 22d34285-a37a-4b58-940a-41712101ef7c, SECURE}] Load Player Config took 430us
[2026/02/23 21:40:41 FINEST]                    [LoginTiming] [{Setup(QuicConnectionAddress{connId=de796bd2d50e40bffe8339830948ec45a6ca3d0d} (/[0:0:0:0:0:0:0:1]:50233, streamId=0)), beters, 22d34285-a37a-4b58-940a-41712101ef7c, SECURE}] Entering stage 'setup:assets-request' took 27ms 809us 300ns
[2026/02/23 21:40:41   FINE]                    [LoginTiming] [{Setup(QuicConnectionAddress{connId=de796bd2d50e40bffe8339830948ec45a6ca3d0d} (/[0:0:0:0:0:0:0:1]:50233, streamId=0)), beters, 22d34285-a37a-4b58-940a-41712101ef7c, SECURE}] Request Assets took 70ms 166us 100ns
[2026/02/23 21:40:41 FINEST]                    [LoginTiming] [{Setup(QuicConnectionAddress{connId=de796bd2d50e40bffe8339830948ec45a6ca3d0d} (/[0:0:0:0:0:0:0:1]:50233, streamId=0)), beters, 22d34285-a37a-4b58-940a-41712101ef7c, SECURE}] Entering stage 'setup:send-assets' took 545us 100ns
[2026/02/23 21:40:41   FINE]                    [LoginTiming] [{Setup(QuicConnectionAddress{connId=de796bd2d50e40bffe8339830948ec45a6ca3d0d} (/[0:0:0:0:0:0:0:1]:50233, streamId=0)), beters, 22d34285-a37a-4b58-940a-41712101ef7c, SECURE}] Send Common Assets took 159us 900ns
[2026/02/23 21:40:42   WARN]                         [Hytale] Missing interaction Effect
[2026/02/23 21:40:42   WARN]                         [Hytale] Missing interaction Toad_Rhino_Magma_Damage
[2026/02/23 21:40:42   FINE]                    [LoginTiming] [{Setup(QuicConnectionAddress{connId=de796bd2d50e40bffe8339830948ec45a6ca3d0d} (/[0:0:0:0:0:0:0:1]:50233, streamId=0)), beters, 22d34285-a37a-4b58-940a-41712101ef7c, SECURE}] Send Config Assets took 270ms 158us 200ns
[2026/02/23 21:40:42   FINE]                    [LoginTiming] [{Setup(QuicConnectionAddress{connId=de796bd2d50e40bffe8339830948ec45a6ca3d0d} (/[0:0:0:0:0:0:0:1]:50233, streamId=0)), beters, 22d34285-a37a-4b58-940a-41712101ef7c, SECURE}] Player Options took 730ms 101us 900ns
[2026/02/23 21:40:42   INFO]                     [Universe|P] Adding player 'beters (22d34285-a37a-4b58-940a-41712101ef7c)
[2026/02/23 21:40:42   INFO]                         [Hytale] Received stream QuicConnectionAddress{connId=de796bd2d50e40bffe8339830948ec45a6ca3d0d} (/[0:0:0:0:0:0:0:1]:50233, streamId=3) to QuicConnectionAddress{connId=de796bd2d50e40bffe8339830948ec45a6ca3d0d} (/[0:0:0:0:0:0:0:1]:5520, streamId=3)
[2026/02/23 21:40:42 FINEST]                    [LoginTiming] [{Initial(QuicConnectionAddress{connId=de796bd2d50e40bffe8339830948ec45a6ca3d0d} (/[0:0:0:0:0:0:0:1]:50233, streamId=3))}] Entering stage 'initial'
[2026/02/23 21:40:42   FINE]                    [LoginTiming] [{Initial(QuicConnectionAddress{connId=de796bd2d50e40bffe8339830948ec45a6ca3d0d} (/[0:0:0:0:0:0:0:1]:50233, streamId=3))}] Registered took 96us 700ns
[2026/02/23 21:40:42   INFO]                         [Hytale] Received stream QuicConnectionAddress{connId=de796bd2d50e40bffe8339830948ec45a6ca3d0d} (/[0:0:0:0:0:0:0:1]:50233, streamId=7) to QuicConnectionAddress{connId=de796bd2d50e40bffe8339830948ec45a6ca3d0d} (/[0:0:0:0:0:0:0:1]:5520, streamId=7)
[2026/02/23 21:40:42 FINEST]                    [LoginTiming] [{Initial(QuicConnectionAddress{connId=de796bd2d50e40bffe8339830948ec45a6ca3d0d} (/[0:0:0:0:0:0:0:1]:50233, streamId=7))}] Entering stage 'initial'
[2026/02/23 21:40:42   FINE]                    [LoginTiming] [{Initial(QuicConnectionAddress{connId=de796bd2d50e40bffe8339830948ec45a6ca3d0d} (/[0:0:0:0:0:0:0:1]:50233, streamId=7))}] Registered took 91us 800ns
[2026/02/23 21:40:42 FINEST]                    [LoginTiming] [{Playing(QuicConnectionAddress{connId=de796bd2d50e40bffe8339830948ec45a6ca3d0d} (/[0:0:0:0:0:0:0:1]:50233, streamId=0)), null player}] Load Player Config took 10ms 635us 400ns
[2026/02/23 21:40:42 FINEST]                    [LoginTiming] [{Playing(QuicConnectionAddress{connId=de796bd2d50e40bffe8339830948ec45a6ca3d0d} (/[0:0:0:0:0:0:0:1]:50233, streamId=0)), 22d34285-a37a-4b58-940a-41712101ef7c, beters}] Processed Referral took 1ms 835us 600ns
[2026/02/23 21:40:42   WARN]                         [Hytale] {Playing(QuicConnectionAddress{connId=de796bd2d50e40bffe8339830948ec45a6ca3d0d} (/[0:0:0:0:0:0:0:1]:50233, streamId=0)), 22d34285-a37a-4b58-940a-41712101ef7c, beters} Added future for ClientReady packet?
[2026/02/23 21:40:43   INFO]                  [World|default] Adding player 'beters' to world 'default' at location null (22d34285-a37a-4b58-940a-41712101ef7c)
[2026/02/23 21:40:43   INFO]                         [Hytale] {Playing(QuicConnectionAddress{connId=de796bd2d50e40bffe8339830948ec45a6ca3d0d} (/[0:0:0:0:0:0:0:1]:50233, streamId=0)), 22d34285-a37a-4b58-940a-41712101ef7c, beters}: Sent com.hypixel.hytale.protocol.packets.player.JoinWorld@7dccb267
[2026/02/23 21:40:43 FINEST]                    [LoginTiming] [{Playing(QuicConnectionAddress{connId=de796bd2d50e40bffe8339830948ec45a6ca3d0d} (/[0:0:0:0:0:0:0:1]:50233, streamId=0)), 22d34285-a37a-4b58-940a-41712101ef7c, beters}] Entering stage 'setup:add-to-universe' took 8ms 29us 700ns
[2026/02/23 21:40:43   WARN]                         [Hytale] {Playing(QuicConnectionAddress{connId=de796bd2d50e40bffe8339830948ec45a6ca3d0d} (/[0:0:0:0:0:0:0:1]:50233, streamId=0)), 22d34285-a37a-4b58-940a-41712101ef7c, beters}: Received com.hypixel.hytale.protocol.packets.player.ClientReady@9da7
[2026/02/23 21:40:43   INFO]                         [Entity] Assigning default gamemode Creative to player!
[2026/02/23 21:40:43   INFO]                  [World|default] Player 'beters' joined world 'default' at location Vector3d{x=0.0, y=80.10000002384186, z=0.0} (22d34285-a37a-4b58-940a-41712101ef7c)
[2026/02/23 21:40:43 FINEST]                    [LoginTiming] [{Playing(QuicConnectionAddress{connId=de796bd2d50e40bffe8339830948ec45a6ca3d0d} (/[0:0:0:0:0:0:0:1]:50233, streamId=0)), 22d34285-a37a-4b58-940a-41712101ef7c, beters}] Add to World took 289ms 548us 500ns
[2026/02/23 21:40:43   FINE]                    [LoginTiming] [{Playing(QuicConnectionAddress{connId=de796bd2d50e40bffe8339830948ec45a6ca3d0d} (/[0:0:0:0:0:0:0:1]:50233, streamId=0)), 22d34285-a37a-4b58-940a-41712101ef7c, beters}] Add To Universe took 44us 800ns
[2026/02/23 21:40:43   INFO]                [WorldMapTracker] Started Generating Map!
[2026/02/23 21:40:43   WARN]                         [Entity] getPositionComponent called async [CONTEXT ratelimit_period="5 MINUTES" ]
java.lang.Throwable
	at com.hypixel.hytale.server.core.entity.Entity.getTransformComponent(Entity.java:278)
	at com.hypixel.hytale.server.core.universe.world.WorldMapTracker.tick(WorldMapTracker.java:138)
	at com.hypixel.hytale.server.core.universe.world.worldmap.WorldMapManager.tick(WorldMapManager.java:154)
	at com.hypixel.hytale.server.core.util.thread.TickingThread.run(TickingThread.java:95)
	at java.base/java.lang.Thread.run(Thread.java:1474)

[2026/02/23 21:40:44   WARN]                         [Hytale] {Playing(QuicConnectionAddress{connId=de796bd2d50e40bffe8339830948ec45a6ca3d0d} (/[0:0:0:0:0:0:0:1]:50233, streamId=0)), 22d34285-a37a-4b58-940a-41712101ef7c, beters}: Received com.hypixel.hytale.protocol.packets.player.ClientReady@9da1
[2026/02/23 21:40:56   INFO]                 [CommandManager] beters executed command: op self
[2026/02/23 21:40:57   INFO]                  [AssetEditor|P] beters is attempting to initialize asset editor
[2026/02/23 21:40:57   INFO]                  [AssetEditor|P] beters starting asset editor initialization
[2026/02/23 21:40:57 SEVERE]                           [SERR] updateSchema: 
[2026/02/23 21:40:57 SEVERE]                           [SERR] updateSchema: ManualCurveAsset$$Lambda/0x0000000036888f70
[2026/02/23 21:40:57 SEVERE]                           [SERR] updateSchema: StaticDirectionalityAsset$$Lambda/0x0000000036854df8
[2026/02/23 21:40:57 SEVERE]                           [SERR] updateSchema: DensityPropAsset$$Lambda/0x00000000368621f0
[2026/02/23 21:40:57 SEVERE]                           [SERR] updateSchema: WeightMapValidator
[2026/02/23 21:40:57 SEVERE]                           [SERR] updateSchema: RequiredBlockFaceSupportValidator
[2026/02/23 21:40:57 SEVERE]                           [SERR] updateSchema: NodeFunctionYOutAsset$$Lambda/0x00000000367a3a80
[2026/02/23 21:40:57 SEVERE]                           [SERR] updateSchema: AxisDensityAsset$$Lambda/0x00000000367d74d8
[2026/02/23 21:40:57 SEVERE]                           [SERR] updateSchema: CuboidDensityAsset$$Lambda/0x00000000367df538
[2026/02/23 21:40:57 SEVERE]                           [SERR] updateSchema: EllipsoidDensityAsset$$Lambda/0x00000000367dd008
[2026/02/23 21:40:57 SEVERE]                           [SERR] updateSchema: GradientDensityAsset$$Lambda/0x00000000367c53d0
[2026/02/23 21:40:57 SEVERE]                           [SERR] updateSchema: PlaneDensityAsset$$Lambda/0x00000000367d8d80
[2026/02/23 21:40:57   WARN]                 [RangeValidator] Can't handle: string as a range: com.hypixel.hytale.codec.schema.config.StringSchema@36e4272a
[2026/02/23 21:40:57   WARN]                 [RangeValidator] Can't handle: min is not a Number: PT0S, class java.time.Duration
[2026/02/23 21:40:57 SEVERE]                           [SERR] updateSchema: InteractionCameraSettings$$Lambda/0x0000000036391cd0
[2026/02/23 21:40:57 SEVERE]                           [SERR] updateSchema: InteractionCameraSettings$$Lambda/0x0000000036391cd0
[2026/02/23 21:40:57 SEVERE]                           [SERR] updateSchema: KillSpawnMarkerObjectiveTaskAsset$$Lambda/0x0000000036dab270
[2026/02/23 21:40:57   WARN]                 [RangeValidator] Can't handle: string as a range: com.hypixel.hytale.codec.schema.config.StringSchema@9c72a60f
[2026/02/23 21:40:57   WARN]                 [EqualValidator] Cannot compare class java.lang.Float with class com.hypixel.hytale.codec.schema.config.StringSchema
[2026/02/23 21:40:57   WARN]                 [RangeValidator] Can't handle: string as a range: com.hypixel.hytale.codec.schema.config.StringSchema@36e4272a
[2026/02/23 21:40:57 SEVERE]                           [SERR] updateSchema: DeprecatedValidator
[2026/02/23 21:40:57 SEVERE]                           [SERR] updateSchema: DeprecatedValidator
[2026/02/23 21:40:58   INFO]                      [AssetTree] Loaded Server/ asset tree! Took: 4ms 323us 300ns
[2026/02/23 21:40:58   INFO]                      [AssetTree] Loaded Common/ asset tree! Took: 1ms 351us 500ns
[2026/02/23 21:40:58   INFO]                      [AssetTree] Sorted asset tree! Took: 976us 100ns
[2026/02/23 21:40:58   INFO]                      [AssetTree] Loaded Server/ asset tree! Took: 11ms 700us 600ns
[2026/02/23 21:40:58   INFO]                      [AssetTree] Loaded Common/ asset tree! Took: 11ms 810us 800ns
[2026/02/23 21:40:58   INFO]                      [AssetTree] Sorted asset tree! Took: 14ms 142us 500ns
[2026/02/23 21:40:58   INFO]                  [AssetEditor|P] Asset editor initialization complete! Took: 243ms 866us 100ns
[2026/02/23 21:41:00   INFO]                  [QUICTransport] Received connection from QuicConnectionAddress{connId=} (/[0:0:0:0:0:0:0:1]:59202) to QuicConnectionAddress{connId=66235ced5e94627ee82853a82681cb4761054d46} (/[0:0:0:0:0:0:0:1]:5520) (SNI: localhost)
[2026/02/23 21:41:00   INFO]                         [Hytale] Received stream QuicConnectionAddress{connId=66235ced5e94627ee82853a82681cb4761054d46} (/[0:0:0:0:0:0:0:1]:59202, streamId=0) to QuicConnectionAddress{connId=66235ced5e94627ee82853a82681cb4761054d46} (/[0:0:0:0:0:0:0:1]:5520, streamId=0)
[2026/02/23 21:41:00 FINEST]                    [LoginTiming] [{Initial(QuicConnectionAddress{connId=66235ced5e94627ee82853a82681cb4761054d46} (/[0:0:0:0:0:0:0:1]:59202, streamId=0))}] Entering stage 'initial'
[2026/02/23 21:41:00   FINE]                    [LoginTiming] [{Initial(QuicConnectionAddress{connId=66235ced5e94627ee82853a82681cb4761054d46} (/[0:0:0:0:0:0:0:1]:59202, streamId=0))}] Registered took 60us
[2026/02/23 21:41:00   FINE]                    [LoginTiming] [{Initial(QuicConnectionAddress{connId=66235ced5e94627ee82853a82681cb4761054d46} (/[0:0:0:0:0:0:0:1]:59202, streamId=0))}] Connect took 197us 200ns
[2026/02/23 21:41:00   INFO]                         [Hytale] Starting authenticated flow for beters (22d34285-a37a-4b58-940a-41712101ef7c) from QuicConnectionAddress{connId=66235ced5e94627ee82853a82681cb4761054d46} (/[0:0:0:0:0:0:0:1]:59202, streamId=0)
[2026/02/23 21:41:00   INFO]                   [JWTValidator] Identity token validated successfully for user beters (UUID: 22d34285-a37a-4b58-940a-41712101ef7c)
[2026/02/23 21:41:00   INFO]               [HandshakeHandler] Identity token validated for beters (UUID: 22d34285-a37a-4b58-940a-41712101ef7c, scope: hytale:editor) from QuicConnectionAddress{connId=66235ced5e94627ee82853a82681cb4761054d46} (/[0:0:0:0:0:0:0:1]:59202, streamId=0), requesting auth grant
[2026/02/23 21:41:00 FINEST]                    [LoginTiming] [{Authenticating(QuicConnectionAddress{connId=66235ced5e94627ee82853a82681cb4761054d46} (/[0:0:0:0:0:0:0:1]:59202, streamId=0)), authHandlerSupplier=com.hypixel.hytale.builtin.asseteditor.AssetEditorPlugin$$Lambda/0x0000000036a68d48@28702f68}] Entering stage 'auth:grant' took 977us 500ns
[2026/02/23 21:41:00   INFO]           [SessionServiceClient] Requesting authorization grant with identity token, aud='98ed8c91-721c-4c9b-a99a-38baeff48e94'
[2026/02/23 21:41:00   INFO]           [SessionServiceClient] Successfully obtained authorization grant
[2026/02/23 21:41:00   INFO]               [HandshakeHandler] Sending AuthGrant to QuicConnectionAddress{connId=66235ced5e94627ee82853a82681cb4761054d46} (/[0:0:0:0:0:0:0:1]:59202, streamId=0) (with server identity: true)
[2026/02/23 21:41:00 FINEST]                    [LoginTiming] [{Authenticating(QuicConnectionAddress{connId=66235ced5e94627ee82853a82681cb4761054d46} (/[0:0:0:0:0:0:0:1]:59202, streamId=0)), authHandlerSupplier=com.hypixel.hytale.builtin.asseteditor.AssetEditorPlugin$$Lambda/0x0000000036a68d48@28702f68}] Entering stage 'auth:token' took 82ms 690us 600ns
[2026/02/23 21:41:00   INFO]               [HandshakeHandler] Received AuthToken from QuicConnectionAddress{connId=66235ced5e94627ee82853a82681cb4761054d46} (/[0:0:0:0:0:0:0:1]:59202, streamId=0), validating JWT (mTLS cert present: true, server auth grant: true)
[2026/02/23 21:41:00   INFO]                [CertificateUtil] Certificate binding validated successfully
[2026/02/23 21:41:00   INFO]                   [JWTValidator] JWT validated successfully for user beters (UUID: 22d34285-a37a-4b58-940a-41712101ef7c)
[2026/02/23 21:41:00 FINEST]                    [LoginTiming] [{Authenticating(QuicConnectionAddress{connId=66235ced5e94627ee82853a82681cb4761054d46} (/[0:0:0:0:0:0:0:1]:59202, streamId=0)), authHandlerSupplier=com.hypixel.hytale.builtin.asseteditor.AssetEditorPlugin$$Lambda/0x0000000036a68d48@28702f68}] Entering stage 'auth:server-exchange' took 306ms 555us 900ns
[2026/02/23 21:41:00   INFO]           [SessionServiceClient] Exchanging authorization grant for access token
[2026/02/23 21:41:00   INFO]           [SessionServiceClient] Successfully obtained access token
[2026/02/23 21:41:00   INFO]               [HandshakeHandler] Sending ServerAuthToken to QuicConnectionAddress{connId=66235ced5e94627ee82853a82681cb4761054d46} (/[0:0:0:0:0:0:0:1]:59202, streamId=0) (with password challenge: false)
[2026/02/23 21:41:00   INFO]               [HandshakeHandler] Mutual authentication complete for beters (22d34285-a37a-4b58-940a-41712101ef7c) from QuicConnectionAddress{connId=66235ced5e94627ee82853a82681cb4761054d46} (/[0:0:0:0:0:0:0:1]:59202, streamId=0)
[2026/02/23 21:41:00   FINE]                    [LoginTiming] [{Authenticating(QuicConnectionAddress{connId=66235ced5e94627ee82853a82681cb4761054d46} (/[0:0:0:0:0:0:0:1]:59202, streamId=0)), authHandlerSupplier=com.hypixel.hytale.builtin.asseteditor.AssetEditorPlugin$$Lambda/0x0000000036a68d48@28702f68}] Authenticated took 83ms 756us 200ns
[2026/02/23 21:41:00   INFO]          [PasswordPacketHandler] Connection complete for beters (22d34285-a37a-4b58-940a-41712101ef7c) (SNI: localhost), transitioning to setup
[2026/02/23 21:41:00   INFO]                  [AssetEditor|P] Initializing beters
[2026/02/23 21:41:00   INFO]                  [AssetEditor|P] Done Initializing beters
[2026/02/23 21:41:03   INFO]       [AssetEditorPacketHandler] 22d34285-a37a-4b58-940a-41712101ef7c - beters at QuicConnectionAddress{connId=66235ced5e94627ee82853a82681cb4761054d46} (/[0:0:0:0:0:0:0:1]:59202, streamId=0) left with reason: Disconnect - User leave
[2026/02/23 21:41:03   INFO]                         [Hytale] {Editor(QuicConnectionAddress{connId=66235ced5e94627ee82853a82681cb4761054d46} (/[0:0:0:0:0:0:0:1]:59202, streamId=0)), 22d34285-a37a-4b58-940a-41712101ef7c, beters} was closed.
[2026/02/23 21:41:03   INFO]                  [QUICTransport] Connection closed: QuicheQuicConnectionStats[recv=166, sent=581, lost=0, retrans=0, sentBytes=671852, recvBytes=19431, lostBytes=0, streamRetransBytes=0, pathsCount=1]
